name,spec_num,mistake_time_rand,mistake_rand,rand_num_queries
13,spec_second_4.dot,2.31e+02,"('c', 'b', 'd', 'a', 'e', 'c', 'a', 'e', 'e', 'b', 'e', 'd', 'd', 'a', 'b', 'e', 'c', 'b', 'a', 'e', 'e', 'c', 'b', 'e', 'e', 'e', 'c', 'e', 'c', 'c', 'c', 'c', 'd', 'e', 'c', 'c', 'c', 'c', 'b', 'b', 'e', 'a', 'e', 'd', 'b', 'b', 'b', 'b', 'e', 'a', 'c', 'd', 'd', 'e', 'c', 'd', 'd', 'd', 'a', 'b', 'c', 'c', 'd', 'a', 'd', 'b', 'b', 'b', 'c', 'e', 'a', 'e', 'e', 'd', 'a', 'd', 'd', 'd', 'd', 'd', 'c', 'e', 'b')",755800
13,spec_second_2.dot,6e+02,NAN,1983000
13,spec_second_1.dot,1.86e+02,"('a', 'd', 'd', 'c', 'd', 'a', 'a', 'c', 'a', 'c', 'd')",598000
13,spec_second_5.dot,3.27,"('e', 'a', 'c', 'a', 'd', 'a', 'e', 'a', 'b', 'b', 'd', 'd', 'c', 'c', 'b', 'e', 'c', 'b', 'd', 'c', 'b', 'e', 'e', 'e', 'c', 'c', 'b', 'd', 'e', 'e', 'e', 'a', 'a', 'c', 'd', 'd', 'e', 'a', 'd', 'd', 'd', 'd', 'd', 'd', 'd', 'd', 'c', 'b', 'c', 'a', 'c', 'c', 'b')",10200
13,spec_second_3.dot,4.97e+02,"('a', 'd', 'd', 'c', 'd', 'a', 'a', 'c', 'a', 'c', 'c', 'a', 'd', 'a', 'b', 'd', 'b', 'c', 'b', 'd', 'e', 'a', 'b', 'd')",1606400
22,spec_second_2.dot,6.66,"('c', 'b', 'a', 'c', 'e', 'a', 'e', 'e', 'e', 'd', 'd', 'd', 'b', 'a', 'b', 'c', 'd', 'e', 'e', 'c')",19000
22,spec_second_1.dot,1.06,"('b', 'c', 'e', 'e', 'd', 'a', 'b', 'e', 'a', 'd', 'c', 'c')",3000
22,spec_second_3.dot,20.1,"('e', 'e', 'd', 'd', 'e', 'd', 'e', 'b', 'c', 'd', 'b', 'b', 'b', 'b', 'e', 'd', 'e', 'e', 'b', 'c', 'c', 'd', 'c', 'e', 'e', 'd', 'b', 'd', 'a', 'b', 'b', 'a', 'd', 'e', 'e', 'e', 'c', 'a', 'e', 'e', 'd', 'b', 'c', 'e', 'e', 'a', 'a', 'd', 'd', 'a', 'e', 'b', 'a', 'e', 'e', 'a', 'b', 'e', 'c', 'c', 'b', 'd', 'b', 'b', 'd', 'a', 'd', 'e', 'd', 'e', 'e', 'c', 'b', 'b', 'e', 'd', 'a', 'e', 'e', 'a', 'c', 'b', 'c', 'c', 'c', 'c', 'c', 'a', 'd', 'a', 'c', 'c', 'b', 'c', 'd', 'b', 'c', 'e', 'c', 'b', 'd', 'c', 'a', 'e', 'b', 'e', 'd', 'e', 'c', 'b', 'e', 'c', 'd', 'a', 'c', 'c', 'a', 'd', 'c', 'e', 'd', 'd', 'd', 'd', 'b', 'e', 'e', 'a', 'a', 'b', 'e', 'a', 'a', 'a', 'e', 'c', 'a', 'a', 'd', 'b')",57400
7,spec_second_4.dot,6.95,"('d', 'd', 'e', 'c', 'd', 'a', 'd', 'd', 'a', 'c', 'a', 'a', 'b', 'c', 'd', 'b', 'e', 'd', 'c', 'a', 'b', 'b', 'a', 'a', 'a', 'c', 'b', 'a', 'd', 'a', 'b', 'a', 'e', 'e', 'e', 'b', 'e', 'b', 'c', 'b', 'e', 'c', 'c', 'c', 'c', 'a', 'c', 'e', 'e', 'e', 'a', 'd', 'd', 'b', 'a', 'a', 'a', 'b', 'c', 'e', 'b', 'b', 'd', 'c', 'b', 'd', 'c', 'd', 'c', 'd', 'e', 'c', 'b', 'a', 'e', 'b', 'd', 'c', 'd', 'a', 'b', 'd', 'c', 'a', 'c', 'b', 'a', 'e', 'e', 'b', 'a', 'e', 'b', 'a', 'a', 'd', 'c', 'a', 'b', 'c', 'c', 'e', 'c', 'b', 'c', 'c', 'b', 'd', 'e', 'b', 'e', 'd', 'd', 'b', 'c', 'd', 'b', 'c', 'a', 'e', 'c', 'e', 'd', 'a', 'a', 'b', 'b', 'e', 'b', 'c', 'c', 'c', 'e', 'b', 'a', 'c', 'a', 'c', 'c', 'd', 'b', 'a', 'c', 'd', 'b', 'd', 'b', 'a', 'b', 'd', 'a', 'd', 'c', 'd', 'd', 'c', 'd', 'b', 'c', 'c', 'a', 'b', 'c', 'd', 'd', 'd', 'c', 'e', 'e', 'c', 'b', 'b', 'a', 'c', 'c', 'c', 'c', 'c', 'e', 'e', 'c', 'c', 'b', 'a', 'a', 'd', 'd', 'b', 'c', 'c', 'e', 'c', 'c', 'e', 'b', 'a', 'c', 'a', 'c', 'e', 'b', 'b', 'e', 'c', 'e', 'a', 'd', 'a', 'b', 'e', 'd', 'c', 'c', 'd', 'c', 'b', 'a', 'b', 'e', 'c', 'a', 'e', 'c', 'c', 'c', 'e', 'd', 'a', 'd', 'c', 'a', 'c', 'e', 'd', 'd', 'd', 'd', 'b', 'c', 'a', 'e', 'd', 'e', 'd', 'a', 'e', 'a', 'c', 'c', 'a', 'e', 'd', 'c', 'b', 'a', 'a', 'b', 'c', 'c', 'd', 'c', 'b', 'b', 'a', 'e', 'b', 'c', 'e', 'c', 'b', 'c', 'c', 'c', 'b', 'a', 'c', 'd', 'c', 'e', 'a', 'a', 'a', 'e', 'a', 'a', 'c', 'a', 'b', 'e', 'e', 'd', 'a', 'e', 'b', 'd', 'c', 'd', 'c', 'b', 'c', 'b', 'a', 'c', 'd', 'b', 'c', 'c', 'c', 'e', 'a', 'd', 'd', 'd', 'c', 'a', 'd', 'e', 'b', 'b', 'c', 'b', 'b', 'b', 'a', 'e', 'b', 'e', 'c', 'c', 'e', 'b', 'c', 'a', 'd', 'd', 'a', 'b', 'b', 'e', 'b', 'c', 'c', 'a', 'a', 'c', 'e', 'a', 'c', 'a', 'b', 'a', 'e', 'a', 'e', 'd', 'a', 'b', 'b', 'a')",15600
7,spec_second_2.dot,1.42,"('e', 'a', 'e', 'a', 'd', 'c', 'e', 'e', 'd', 'c', 'b', 'b', 'd', 'b', 'a', 'c', 'c', 'd', 'd', 'c', 'd', 'b', 'c', 'c', 'c', 'c', 'e', 'd', 'e', 'c', 'e', 'c', 'b', 'd', 'd', 'c', 'b', 'b', 'c', 'a', 'a', 'c', 'e', 'b', 'e', 'e', 'e', 'c', 'b', 'a', 'e', 'e', 'e', 'c', 'b', 'a', 'c', 'c', 'b', 'c', 'e', 'c', 'e', 'd', 'e', 'c', 'c', 'c', 'e', 'c', 'b', 'a', 'e', 'e', 'c')",3200
7,spec_second_1.dot,3.74,"('d', 'd', 'b', 'e', 'd', 'd', 'b', 'c', 'c', 'a', 'a', 'c', 'e', 'c', 'b', 'd', 'c', 'c', 'b', 'a', 'a', 'd', 'c', 'e', 'a', 'b', 'a', 'b', 'a', 'd', 'b', 'c', 'b', 'b', 'b', 'a', 'e', 'b', 'c', 'd', 'b', 'c', 'd', 'b', 'b', 'e', 'e', 'd', 'e', 'd', 'd', 'd', 'a', 'd', 'a', 'a', 'b', 'a', 'b', 'b', 'a', 'b', 'e', 'd', 'a')",8800
7,spec_second_5.dot,8.0,"('b', 'e', 'c', 'a', 'c', 'c', 'e', 'd', 'a', 'a', 'b', 'd', 'e', 'e', 'e', 'b', 'c', 'a', 'a', 'c', 'e')",18400
7,spec_second_3.dot,0.77,"('c', 'c', 'b', 'a', 'b', 'c', 'a', 'e', 'a', 'd', 'd', 'b', 'c', 'b', 'e', 'a', 'e', 'c', 'd', 'c', 'e', 'c', 'a', 'b', 'b', 'c', 'a', 'a', 'c', 'b', 'e', 'd', 'b', 'e', 'b', 'a', 'b', 'a', 'b', 'a', 'b', 'b', 'a', 'b', 'b', 'c', 'c', 'b', 'a', 'a', 'c', 'd', 'e', 'c')",1800
28,spec_second_2.dot,7.92,"('d', 'd', 'c', 'b', 'b', 'a', 'a', 'd', 'e', 'b', 'b', 'a', 'e', 'd', 'a', 'c', 'b', 'd', 'd', 'c', 'b', 'd', 'e', 'b', 'a', 'b', 'b', 'c', 'e', 'a', 'c', 'd', 'd', 'a', 'd', 'a', 'e', 'c', 'e', 'c', 'e', 'b', 'd', 'c', 'e', 'd', 'e', 'd', 'd', 'd', 'b', 'e', 'a', 'b', 'a', 'b', 'e', 'e', 'd', 'b', 'a', 'c', 'e', 'c', 'a', 'c', 'd', 'b', 'c', 'e', 'c', 'd', 'c', 'c', 'e', 'b', 'c', 'a', 'd', 'e', 'b', 'd', 'e', 'e', 'e', 'c', 'b', 'a', 'a', 'd', 'b', 'b', 'a', 'e', 'd', 'd', 'a', 'e', 'b', 'c', 'd', 'd', 'a', 'd', 'd', 'a', 'a', 'b', 'd', 'b', 'd', 'd', 'e', 'e', 'd', 'd', 'a', 'c', 'b', 'e', 'b', 'b', 'b', 'a', 'c', 'a', 'a', 'e', 'c', 'a', 'c', 'a', 'd', 'c', 'a', 'd', 'a', 'a', 'b', 'a', 'a', 'e', 'c', 'c', 'c', 'b', 'c', 'c', 'c', 'b', 'e', 'c', 'b', 'a', 'd', 'd', 'd', 'c', 'c', 'c', 'e', 'e', 'a', 'b', 'a', 'e', 'b', 'b', 'c', 'b', 'e', 'e', 'd', 'c', 'a', 'c', 'e', 'a', 'b', 'c', 'b', 'c', 'a', 'b', 'a', 'e', 'a', 'e', 'd', 'a', 'b', 'b', 'd', 'b', 'c', 'c', 'b', 'd', 'e', 'd', 'b', 'c', 'a', 'd', 'a', 'a', 'c', 'b', 'd', 'e', 'a', 'd')",15000
28,spec_second_1.dot,2.24,"('e', 'b', 'b', 'c', 'd', 'b', 'd', 'b', 'a', 'd', 'a', 'e', 'c', 'a', 'e', 'e', 'c', 'e', 'c', 'c', 'a', 'c', 'b', 'e', 'b', 'c', 'b', 'd', 'c', 'd', 'e', 'd', 'a', 'c', 'a', 'a', 'e', 'c', 'd', 'd', 'b', 'a', 'e', 'b', 'b', 'a', 'e', 'c', 'a', 'd', 'c', 'b', 'c', 'a', 'd', 'e', 'c', 'd', 'c', 'b', 'b', 'c', 'c', 'c', 'd', 'c', 'd', 'c', 'c', 'e', 'a', 'a', 'b', 'a', 'e', 'd', 'e', 'c', 'e', 'b', 'a', 'b', 'c', 'a', 'b', 'a', 'e', 'd', 'e', 'a', 'd', 'b', 'e', 'c', 'e', 'c', 'e', 'e', 'c', 'd', 'b', 'a', 'd', 'c', 'b', 'e', 'b', 'c', 'b', 'e', 'b', 'b', 'b', 'e', 'b', 'a', 'b', 'b', 'c', 'c', 'd', 'd', 'e', 'd', 'd', 'c', 'b', 'd', 'b', 'c', 'c', 'e', 'c', 'c', 'd', 'e', 'c', 'e', 'b', 'd', 'b', 'b', 'a', 'd', 'c', 'e', 'e', 'b', 'd', 'b', 'b', 'e', 'd', 'e', 'b', 'a', 'e', 'c', 'a', 'c', 'b')",4200
28,spec_second_3.dot,2.84,"('b', 'd', 'c', 'e', 'c', 'd', 'e', 'b', 'b', 'b', 'a', 'a', 'b', 'c', 'c', 'b', 'e', 'e', 'e', 'c', 'c', 'a', 'e', 'a', 'e', 'c', 'e', 'e', 'c', 'd', 'd', 'c', 'e', 'a', 'b', 'a', 'b', 'a', 'a', 'c', 'c', 'b', 'b', 'e', 'b', 'd', 'e', 'b', 'e', 'c', 'b', 'c', 'a', 'b', 'e', 'a', 'a', 'b', 'b', 'b', 'a', 'c', 'b', 'a', 'a', 'd', 'b', 'd', 'b', 'd', 'a', 'a', 'c', 'c', 'e', 'c', 'e', 'd', 'b', 'c', 'd', 'c', 'c', 'a', 'a', 'a', 'c', 'b', 'c')",5400
26,spec_second_4.dot,6e+02,NAN,1912000
26,spec_second_2.dot,6e+02,NAN,1927600
26,spec_second_1.dot,6e+02,NAN,1930200
26,spec_second_5.dot,1.86e+02,"('e', 'd', 'b', 'b', 'e', 'a', 'a', 'b', 'd', 'a', 'b', 'a', 'e', 'b', 'd', 'c', 'e', 'd', 'e', 'd', 'e', 'c', 'c', 'c', 'b', 'b', 'b', 'c', 'b', 'b', 'e', 'c', 'b', 'e', 'b', 'c', 'b', 'b', 'b', 'b', 'b', 'b', 'b', 'b', 'c', 'e', 'e', 'b', 'c', 'c', 'd', 'a')",593000
26,spec_second_3.dot,6e+02,NAN,1895200
9,spec_second_4.dot,13.5,"('b', 'e', 'b', 'd', 'a', 'd', 'a', 'd', 'e', 'e', 'd', 'c', 'd', 'b', 'c', 'd', 'd', 'b', 'c', 'e', 'e', 'e', 'a', 'c', 'd', 'c', 'a', 'b', 'c', 'a', 'd', 'b', 'c', 'e', 'b', 'd', 'a', 'e', 'd', 'd', 'd', 'b', 'b', 'b', 'b', 'b', 'd', 'b', 'a', 'b', 'a', 'd', 'b', 'e', 'e', 'e', 'd', 'd', 'a', 'c', 'd', 'b', 'a', 'e', 'd', 'd', 'b', 'b', 'a', 'a', 'b', 'd', 'e', 'b', 'a', 'a', 'c', 'd', 'c', 'c', 'c', 'e', 'e', 'c', 'b', 'a', 'a', 'a', 'd', 'd', 'c', 'a', 'd', 'e', 'd', 'd', 'd', 'a', 'e', 'c', 'b', 'd', 'c', 'e', 'b', 'b', 'd', 'c', 'c', 'b', 'e', 'a', 'a', 'b', 'e', 'e', 'd', 'd', 'c', 'd', 'c', 'd', 'e', 'e', 'c', 'a', 'a', 'a', 'e', 'c')",24800
9,spec_second_2.dot,1.74,"('a', 'a', 'a', 'e', 'b', 'b', 'd', 'b', 'd', 'a', 'c', 'd', 'c', 'd', 'c', 'b', 'c', 'e', 'b', 'd', 'c', 'a', 'b', 'd', 'd', 'e', 'b', 'e', 'a', 'a', 'b', 'd', 'a', 'c', 'b', 'd', 'a', 'b', 'd', 'c', 'a', 'a', 'a', 'b', 'e', 'a', 'e', 'c', 'd', 'e', 'a', 'c', 'c', 'a', 'd', 'b', 'e', 'e', 'd', 'b', 'd', 'c', 'b', 'd', 'c', 'e', 'e', 'd', 'e', 'e', 'b', 'e', 'c', 'd', 'c', 'a', 'b', 'd', 'b', 'd', 'c', 'a', 'a', 'a', 'a', 'c', 'a', 'c', 'a', 'a', 'a', 'b')",3200
9,spec_second_1.dot,2.42,"('c', 'd', 'e', 'c', 'd', 'd', 'b', 'd', 'd', 'e', 'd', 'b', 'c', 'c', 'c', 'b', 'e', 'b', 'a', 'c', 'c', 'a', 'a', 'e', 'b', 'a', 'a', 'b', 'c', 'c', 'e', 'c', 'c', 'c', 'b', 'c', 'd', 'a', 'd', 'd', 'c', 'c', 'e', 'a', 'c', 'e', 'd', 'd', 'a', 'd', 'a', 'c', 'e', 'c', 'a', 'b', 'd', 'd', 'd', 'e', 'd', 'e', 'b', 'b', 'd', 'c', 'a', 'd', 'b', 'e', 'b', 'e')",4200
9,spec_second_5.dot,8.18,"('c', 'b', 'a', 'd', 'a', 'b', 'b', 'd', 'c', 'a', 'b', 'b', 'd', 'b', 'd', 'b', 'd', 'd', 'b', 'e', 'a', 'e', 'a', 'a', 'a', 'c', 'b', 'd', 'e', 'e', 'b', 'a', 'c', 'd', 'a', 'a', 'e', 'c', 'c', 'e', 'a', 'd', 'c', 'd', 'a', 'e', 'a', 'b', 'c', 'e', 'b', 'c', 'a', 'b', 'b', 'b', 'c', 'd', 'c', 'c', 'd', 'c', 'e', 'e', 'a', 'a', 'a', 'b', 'e', 'd', 'c', 'c', 'a', 'a', 'e', 'b', 'c', 'd', 'c', 'd', 'd', 'a', 'c', 'e', 'e', 'b', 'd', 'a', 'a', 'a', 'a', 'a', 'b', 'b', 'a', 'c', 'e', 'd', 'c', 'b', 'c', 'e', 'c', 'c', 'c', 'c', 'c', 'e', 'e', 'b', 'd', 'b', 'a', 'b', 'e', 'b', 'c', 'e', 'a', 'c', 'c', 'b', 'd', 'a', 'a', 'd', 'e', 'e', 'e', 'c', 'a', 'd', 'c', 'c', 'b', 'c', 'e', 'e', 'a', 'b', 'b', 'c', 'a', 'b', 'e', 'c', 'c', 'd', 'c', 'c', 'c', 'c', 'a', 'd', 'a', 'a', 'b', 'a', 'b', 'a', 'a', 'b', 'd', 'e', 'e', 'e', 'b', 'd', 'a', 'a', 'd', 'd', 'a', 'c', 'e', 'e', 'e', 'c', 'd', 'e', 'd', 'c', 'b', 'c', 'b', 'e', 'e', 'b', 'e', 'c', 'e', 'b', 'd', 'b', 'e', 'c', 'c', 'a', 'd', 'e', 'a', 'd', 'b', 'c', 'c', 'a', 'e', 'e', 'a', 'd', 'b', 'a', 'a', 'b', 'c', 'e', 'a', 'b', 'b', 'c', 'd', 'd', 'e', 'e', 'd', 'a', 'e', 'c', 'a', 'a', 'a', 'a', 'e', 'b', 'c', 'e', 'b', 'b', 'd', 'e', 'b', 'e', 'd', 'e', 'a', 'b', 'd', 'a', 'c', 'e', 'd', 'd', 'a', 'a', 'e', 'a', 'a', 'b', 'c', 'b', 'b', 'd', 'b', 'c', 'd', 'd', 'd', 'a', 'a', 'd', 'c', 'd', 'a', 'a', 'a', 'a', 'c', 'd', 'd', 'c', 'a', 'a', 'a', 'e', 'e', 'a', 'a', 'b', 'a', 'b', 'e', 'c', 'c', 'a', 'b', 'd', 'e', 'b', 'e')",15000
9,spec_second_3.dot,1.71,"('c', 'b', 'a', 'a', 'd', 'a', 'd', 'e', 'b', 'a', 'b', 'e', 'c', 'd', 'a', 'd', 'd', 'a', 'd', 'e', 'e', 'd', 'e', 'b', 'd', 'e', 'a', 'd', 'e', 'c', 'd', 'd', 'a', 'b', 'd', 'e', 'e', 'e', 'e', 'e', 'e', 'e', 'a', 'a', 'd', 'e', 'b', 'e', 'b', 'd', 'b', 'e', 'b', 'c', 'e', 'e', 'a', 'd', 'a', 'e', 'c', 'd', 'b', 'c', 'a', 'a', 'e', 'd', 'd', 'c', 'e', 'a', 'd', 'c', 'c', 'a', 'e', 'e', 'b', 'e', 'b', 'c', 'e', 'd', 'b', 'b', 'c', 'e', 'b', 'd', 'c', 'b', 'c', 'a', 'e', 'b', 'b', 'a', 'b', 'c', 'd', 'd', 'd', 'a', 'e', 'e', 'c', 'c', 'a', 'e', 'a', 'b', 'c', 'b', 'a', 'e', 'e', 'a', 'd', 'd', 'c', 'c', 'd', 'e', 'e', 'a', 'a', 'a', 'e', 'e', 'b', 'a', 'a', 'b', 'd', 'c', 'b', 'b', 'c', 'b', 'd', 'b', 'a', 'e', 'a', 'd', 'd', 'b', 'a', 'e', 'd', 'e', 'e', 'a', 'c', 'a', 'c', 'b', 'e', 'e', 'b', 'd', 'c', 'e', 'e', 'a', 'a', 'c', 'b', 'b', 'a', 'e', 'c', 'b', 'e', 'd', 'a', 'e', 'a', 'b', 'd', 'd', 'd', 'e', 'b', 'a', 'd', 'a', 'e', 'e', 'a', 'c', 'd', 'd', 'c', 'e', 'b', 'e', 'a', 'd', 'a', 'e', 'c', 'a', 'a', 'e', 'b', 'b', 'c', 'd', 'c', 'a', 'c', 'd', 'e', 'd', 'b', 'a', 'b', 'a', 'a', 'e', 'b', 'd', 'e', 'b', 'e', 'c', 'b', 'c', 'a', 'd', 'b', 'e', 'a', 'c', 'd', 'e', 'c', 'b', 'd', 'e', 'd', 'd', 'c', 'c', 'a', 'a', 'e', 'b', 'e', 'e', 'b', 'a', 'd', 'a', 'b', 'e', 'e', 'a', 'c', 'e', 'b', 'e', 'a', 'c', 'c', 'b', 'b', 'c', 'b', 'e', 'e', 'a', 'd', 'e', 'c', 'a', 'b', 'c', 'd', 'e', 'e', 'c', 'c', 'b', 'b', 'e', 'c', 'c', 'b')",3200
11,spec_second_4.dot,3.41,"('d', 'e', 'd', 'c', 'b', 'a', 'c', 'a', 'c', 'e', 'c', 'd', 'b', 'b', 'd', 'e', 'b', 'b', 'c', 'b', 'e', 'e', 'e', 'e', 'c', 'd', 'c', 'a', 'b', 'c', 'a', 'c', 'c', 'a', 'a', 'a', 'b', 'd', 'b', 'a', 'a', 'a', 'b', 'd', 'e', 'b', 'e', 'c', 'e', 'c', 'b', 'e', 'e', 'a', 'd', 'a', 'd', 'd', 'c', 'b', 'd', 'b', 'c', 'b', 'c', 'd', 'b', 'd', 'd', 'b', 'a', 'b', 'd', 'c', 'c', 'a', 'a', 'c', 'b', 'c', 'd', 'a', 'd', 'a', 'b', 'c', 'a', 'e', 'c', 'e', 'a', 'b', 'a', 'b', 'c', 'b', 'b', 'c', 'a', 'a', 'e', 'd', 'a', 'e', 'a', 'a', 'c', 'c', 'b', 'd', 'a', 'a', 'b', 'c', 'b', 'e', 'b', 'c', 'a', 'c', 'd', 'a', 'e', 'b', 'a', 'd', 'b', 'c', 'b', 'e', 'e', 'e', 'e', 'd', 'd', 'c', 'd', 'e', 'a', 'd', 'e', 'e', 'e', 'e', 'd', 'd', 'd', 'c', 'b', 'e', 'd', 'c', 'e', 'c', 'c', 'c', 'b', 'a', 'c', 'a', 'e', 'b', 'd', 'd', 'd', 'a', 'b', 'e', 'c', 'b', 'c', 'd', 'b', 'd', 'c', 'c', 'c', 'c', 'd', 'a', 'b', 'a', 'a', 'c', 'e', 'c', 'a', 'e', 'd', 'c', 'a', 'd', 'b', 'b', 'e', 'a', 'd', 'b', 'e', 'b', 'a', 'c', 'b', 'b', 'e', 'c', 'd', 'a', 'e', 'e', 'b', 'd', 'a', 'b', 'e', 'c', 'b', 'd', 'e', 'c', 'c', 'a', 'c', 'e', 'b', 'c', 'b', 'd', 'd', 'e', 'b', 'e', 'a', 'c', 'b', 'a', 'a', 'd', 'd', 'e', 'a', 'b', 'a', 'a', 'a', 'e', 'c')",6000
11,spec_second_2.dot,15.6,"('c', 'd', 'c', 'd', 'e', 'b', 'c', 'd', 'c', 'c', 'b', 'd', 'd', 'c', 'e')",27200
11,spec_second_1.dot,2.55,"('b', 'b', 'c', 'b', 'a', 'a', 'd', 'c', 'd', 'a', 'e', 'c', 'd', 'a', 'a', 'c', 'd', 'c', 'b', 'd', 'c', 'e', 'd')",4400
11,spec_second_5.dot,1.78,"('e', 'b', 'c', 'd', 'c', 'a', 'd', 'c', 'd', 'e', 'b', 'e', 'a', 'a', 'd', 'c', 'c', 'b', 'e')",3000
11,spec_second_3.dot,32.1,"('b', 'a', 'a', 'a', 'd', 'e', 'e', 'c', 'b', 'a', 'c', 'a', 'a', 'e', 'c', 'c', 'b', 'b', 'd', 'e', 'd', 'd', 'c', 'a', 'c', 'a', 'c', 'a', 'e', 'b', 'e', 'c', 'b', 'e', 'c', 'e', 'e', 'e', 'c', 'a', 'd', 'a', 'a', 'b', 'c', 'd', 'd', 'd', 'c', 'd', 'a', 'e', 'c', 'b', 'c', 'b', 'a', 'a', 'e', 'b', 'e', 'e', 'd', 'd', 'c', 'b', 'e', 'e', 'a', 'd', 'b', 'b', 'c', 'b', 'c', 'e', 'e', 'b', 'd', 'a', 'b', 'c', 'b', 'a', 'a', 'd', 'c', 'a', 'e', 'e', 'b', 'e', 'a', 'c', 'e', 'b', 'd', 'c', 'd', 'b', 'c', 'c', 'b', 'e', 'e', 'e', 'a', 'a', 'd', 'a', 'a', 'b', 'c', 'a', 'a', 'd', 'b', 'c', 'a', 'e', 'c', 'c', 'a', 'e', 'a', 'e', 'c', 'c', 'd', 'c', 'b', 'd', 'd', 'c', 'd', 'd', 'b', 'c', 'a', 'd', 'c', 'e', 'e', 'a', 'c', 'a', 'e', 'b', 'c', 'b', 'e', 'e', 'd', 'c', 'a', 'd', 'e', 'c', 'e', 'c', 'e', 'e', 'b', 'a', 'd', 'b', 'b', 'e', 'a', 'a', 'd', 'c', 'c', 'e', 'c', 'b', 'a', 'a', 'd', 'a', 'c', 'e', 'a', 'b', 'a', 'e', 'd', 'e', 'e', 'e', 'd', 'b', 'c')",56000
3,spec_second_2.dot,11.6,"('c', 'd', 'e', 'c', 'd', 'a', 'e', 'a', 'd', 'c', 'b', 'd', 'a', 'd', 'b', 'e', 'b', 'e', 'b', 'a', 'd', 'e', 'b', 'c', 'c', 'a', 'a', 'a', 'e', 'b', 'a', 'd', 'c', 'e', 'b', 'd', 'e', 'e', 'e', 'd', 'e', 'a', 'e', 'b', 'a', 'b', 'a', 'b', 'a', 'a', 'c', 'a', 'e', 'e', 'c', 'c', 'd', 'b', 'c', 'c', 'b', 'a', 'b', 'e', 'b', 'a', 'a', 'a', 'c', 'd', 'a', 'a', 'a', 'd', 'a', 'd', 'd', 'd', 'a', 'a', 'b', 'c', 'c', 'd', 'd', 'a', 'a', 'e', 'a', 'b', 'd', 'c', 'c', 'e', 'b', 'e', 'a', 'd', 'b', 'c', 'e', 'c', 'c', 'b', 'a', 'a', 'e', 'd', 'a', 'd', 'a', 'e', 'a', 'b', 'a', 'b', 'd', 'b', 'c', 'a', 'c', 'c', 'a', 'e', 'b', 'c', 'b', 'd', 'c', 'c', 'b', 'a', 'a', 'd', 'e', 'd', 'b', 'd', 'b', 'c', 'b', 'a', 'e', 'e', 'c', 'd', 'e', 'b', 'd', 'b', 'b', 'b', 'a', 'd', 'd', 'd', 'b', 'a', 'b', 'e', 'b', 'b', 'b', 'b', 'c', 'e', 'a', 'c', 'b', 'a', 'e', 'a', 'd', 'd', 'a', 'e', 'e', 'a', 'd', 'b', 'c', 'c', 'b', 'a', 'b', 'b', 'a', 'e', 'd', 'b', 'd', 'd', 'c', 'c', 'a', 'e', 'c', 'c', 'b', 'a', 'b', 'd', 'b')",30600
3,spec_second_1.dot,2.17,"('e', 'c', 'c', 'b', 'd', 'b', 'a', 'c', 'a', 'b', 'e', 'a', 'c', 'c', 'd', 'e', 'b', 'd', 'c', 'd', 'e', 'a', 'a', 'c', 'e', 'e', 'a', 'e', 'e', 'd', 'e', 'd', 'a', 'a', 'e', 'c', 'c', 'b', 'e', 'd', 'd', 'd', 'a', 'e', 'd', 'a', 'e', 'a', 'a', 'b', 'c', 'c', 'e', 'e', 'b', 'b', 'd', 'c', 'd', 'b', 'd', 'b', 'd', 'c', 'b', 'c', 'd', 'b', 'b', 'b', 'a', 'c', 'a', 'a', 'a', 'b', 'c', 'c', 'd', 'b', 'd', 'd', 'c', 'a', 'a', 'd', 'b', 'b', 'd', 'c', 'c', 'e', 'e', 'e', 'c', 'd', 'b', 'c', 'c', 'e', 'c', 'd', 'e', 'c', 'a', 'd', 'e', 'c', 'b', 'e', 'b', 'c', 'd', 'c', 'e', 'c', 'b', 'b', 'c', 'b', 'e', 'a', 'c', 'd', 'a', 'b', 'd', 'b', 'a', 'b', 'e', 'c', 'a', 'd', 'c', 'c', 'c', 'e', 'd', 'e', 'b', 'e', 'b', 'a', 'd', 'd', 'e', 'c', 'a', 'b', 'e', 'a', 'a', 'a', 'd', 'c', 'd', 'd', 'e', 'a', 'e', 'b', 'e', 'd', 'b', 'a', 'c', 'b', 'b', 'b', 'd', 'a', 'a', 'b', 'a', 'b', 'b', 'a', 'c', 'a', 'b', 'e', 'b', 'b', 'c', 'c', 'd', 'd', 'd', 'a', 'e', 'd', 'd', 'c', 'b', 'b', 'b', 'b', 'c', 'd', 'a', 'e', 'a', 'c', 'b', 'b', 'a', 'e', 'b', 'a', 'c', 'c', 'c', 'e', 'a', 'd', 'c', 'd', 'd', 'c', 'a', 'b', 'e', 'd', 'e', 'a', 'c', 'a', 'b', 'a', 'e', 'd', 'e', 'a', 'e', 'b', 'a', 'e', 'b', 'e', 'e', 'b', 'a', 'a', 'a', 'b', 'a', 'd', 'a', 'b', 'e', 'e', 'a', 'a', 'c', 'a', 'b', 'c', 'b', 'd', 'e', 'b', 'e', 'e', 'b', 'e', 'c', 'e', 'b', 'c', 'e', 'e', 'b', 'a', 'd', 'a', 'e', 'd', 'b', 'e', 'c', 'a', 'b', 'a', 'c', 'a', 'c', 'c', 'a', 'd', 'e', 'd', 'd', 'c', 'a', 'a', 'b', 'a', 'a', 'd', 'a', 'd', 'c', 'd', 'c', 'b', 'd', 'd', 'b', 'b', 'd', 'a', 'e', 'c', 'd', 'b', 'a', 'a', 'e', 'd', 'b', 'a', 'd', 'e', 'a', 'a', 'a', 'b', 'e', 'e', 'e', 'b', 'd', 'd', 'e', 'e', 'c', 'a', 'b', 'd', 'e', 'a', 'b', 'a', 'e', 'a', 'a', 'b', 'd', 'b', 'c', 'a', 'c', 'd', 'e', 'e', 'c', 'a', 'e', 'a', 'd', 'a', 'd', 'b', 'a', 'c', 'e', 'd', 'b', 'b', 'a', 'e', 'b', 'b', 'a', 'e', 'e', 'e', 'd', 'a', 'e', 'a', 'a', 'd', 'a', 'c', 'e', 'c', 'a', 'e', 'e', 'b', 'e', 'e', 'a', 'a', 'c', 'c', 'b', 'e', 'e', 'c', 'c', 'd', 'e', 'a', 'b', 'e', 'a', 'c', 'c', 'e', 'a', 'a', 'e', 'c', 'b', 'd', 'b', 'c', 'a', 'b', 'c', 'b', 'c', 'b', 'd', 'd', 'b', 'e', 'c', 'b', 'd', 'b', 'd', 'e', 'c', 'a', 'd', 'e', 'd', 'e', 'e', 'b', 'a', 'e', 'a', 'b', 'c', 'c', 'd', 'e', 'b', 'd', 'c', 'e', 'e', 'e', 'a', 'd', 'e', 'e', 'b', 'd', 'd', 'c', 'd', 'a', 'b', 'b', 'e', 'e', 'a', 'd', 'd', 'c', 'a', 'a', 'b', 'd', 'c', 'a', 'e', 'a', 'b', 'c', 'a', 'c', 'b', 'b', 'd', 'c', 'd', 'c', 'b', 'a', 'b', 'b', 'e', 'd', 'e', 'b', 'd', 'd', 'a', 'd', 'a', 'b', 'b')",5600
3,spec_second_3.dot,23.9,"('c', 'c', 'a', 'e', 'c', 'a', 'a', 'd', 'b', 'e', 'a', 'c', 'e', 'd', 'a', 'd', 'd', 'd', 'c', 'e', 'd', 'c', 'b', 'a', 'b', 'b', 'd', 'e', 'd', 'c', 'a', 'a', 'b', 'e', 'd', 'c', 'b', 'a', 'a', 'd', 'e', 'a', 'b', 'a', 'a', 'b', 'c')",61000
5,spec_second_4.dot,0.118,"('d', 'd', 'd', 'c', 'd', 'a', 'd', 'e', 'b', 'c', 'e', 'e', 'c', 'e', 'c', 'd', 'b', 'a', 'd', 'a', 'c', 'a', 'c', 'e', 'b', 'd', 'a', 'c', 'e', 'c', 'd', 'c', 'd', 'a', 'c', 'c', 'b', 'e', 'e')",200
5,spec_second_2.dot,0.11,"('d', 'a', 'd', 'c', 'c', 'b', 'e', 'e', 'b', 'c', 'e', 'd', 'e', 'b', 'e', 'd', 'b', 'd', 'b', 'a', 'b', 'c', 'b', 'd', 'c', 'd', 'e', 'c', 'b', 'b', 'e', 'b', 'd', 'c', 'b', 'b', 'a', 'b', 'd', 'e', 'c', 'b', 'c', 'd', 'e', 'c', 'e', 'e', 'e', 'd', 'c', 'c', 'a', 'c', 'c', 'd', 'b', 'd', 'e', 'e', 'd', 'e', 'b', 'a', 'd', 'd', 'e', 'c', 'e', 'd', 'c', 'b', 'd', 'e', 'd', 'd', 'e', 'e')",200
5,spec_second_1.dot,0.0929,"('e', 'c', 'b', 'b', 'c', 'c', 'b', 'a', 'c', 'd', 'd', 'c', 'd', 'd', 'e', 'e', 'd', 'c', 'c', 'e', 'd', 'c', 'd', 'c', 'e', 'd', 'd', 'b', 'e', 'd', 'd', 'c', 'e', 'a', 'e', 'e', 'd', 'b', 'd', 'e', 'b', 'a', 'd', 'a', 'c', 'e', 'e', 'c', 'b', 'd', 'd', 'a', 'd', 'a', 'e', 'c', 'c', 'e', 'a', 'c', 'a', 'b', 'e', 'd', 'b', 'd', 'a', 'b', 'c', 'a', 'b', 'c', 'e', 'a', 'a', 'd', 'e', 'b', 'c', 'e', 'c', 'c', 'b', 'e', 'a', 'd', 'e', 'b', 'e', 'b', 'e', 'e', 'a', 'b', 'c', 'a', 'd', 'e', 'e', 'a', 'e', 'a', 'a', 'b', 'a', 'e', 'd', 'b', 'a', 'd', 'c', 'e', 'a', 'e', 'e', 'a', 'b', 'c', 'a', 'a', 'd', 'd', 'e', 'e', 'b', 'b', 'c', 'e', 'b', 'c', 'd', 'b', 'e', 'd', 'e', 'e')",200
5,spec_second_5.dot,0.122,"('b', 'a', 'd', 'b', 'c', 'e', 'e')",200
5,spec_second_3.dot,0.109,"('e', 'b', 'd', 'a', 'a', 'd', 'e', 'a', 'd', 'c', 'c', 'e', 'e', 'c', 'e', 'c', 'e', 'e', 'c', 'd', 'a', 'd', 'b', 'e', 'd', 'd', 'a', 'a', 'b', 'e', 'c', 'e', 'c', 'c', 'd', 'e', 'b', 'a', 'c', 'c', 'd', 'c', 'b', 'c', 'b', 'b', 'c', 'e', 'c', 'b', 'c', 'e', 'c', 'b', 'e', 'b', 'a', 'b', 'd', 'd', 'e', 'a', 'e', 'e', 'd', 'd', 'c', 'd', 'a', 'c', 'a', 'd', 'b', 'd', 'c', 'b', 'b', 'c', 'e', 'd', 'b', 'b', 'e', 'd', 'e', 'd', 'c', 'e', 'd', 'b', 'e', 'c', 'd', 'c', 'e', 'd', 'd', 'd', 'd', 'e', 'b', 'a', 'e', 'e', 'd', 'c', 'd', 'd', 'd', 'c', 'e', 'c', 'b', 'a', 'e', 'e', 'a', 'd', 'a', 'd', 'd', 'c', 'c', 'a', 'e', 'e', 'c', 'd', 'd', 'e', 'c', 'e', 'd', 'c', 'e', 'e', 'a', 'c', 'a', 'c', 'b', 'c', 'e', 'e', 'e', 'a', 'e', 'd', 'd', 'e', 'c', 'a', 'b', 'd', 'b', 'a', 'c', 'b', 'b', 'b', 'e', 'a', 'a', 'a', 'a', 'e', 'a', 'a', 'a', 'e', 'b', 'e', 'e', 'c', 'e', 'd', 'd', 'e', 'a', 'c', 'b', 'a', 'e', 'c', 'a', 'b', 'b', 'c', 'd', 'b', 'b', 'a', 'a', 'c', 'a', 'a', 'b', 'a', 'a', 'd', 'b', 'a', 'c', 'e', 'a', 'c', 'e', 'd', 'b', 'e', 'd', 'b', 'e', 'e', 'e', 'd', 'b', 'e', 'd', 'a', 'd', 'c', 'a', 'c', 'c', 'b', 'c', 'a', 'e', 'b', 'c', 'a', 'b', 'e', 'a', 'b', 'b', 'd', 'a', 'c', 'e', 'd', 'd', 'a', 'c', 'a', 'e', 'd', 'd', 'd', 'e', 'c', 'c', 'c', 'c', 'c', 'e', 'd', 'b', 'e', 'c', 'b', 'a', 'c', 'e', 'a', 'a', 'e', 'a', 'a', 'c', 'c', 'c', 'a', 'c', 'a', 'b', 'b', 'b', 'd', 'e', 'e', 'b', 'a', 'b', 'd', 'b', 'b', 'c', 'e', 'd', 'e', 'd', 'a', 'a', 'e', 'e', 'b', 'e', 'e', 'e', 'd', 'e', 'e', 'e', 'a', 'a', 'b', 'b', 'c', 'c', 'e', 'a', 'c', 'b', 'b', 'c', 'd', 'c', 'd', 'a', 'b', 'd', 'd', 'e', 'e', 'b', 'c', 'c', 'e', 'e', 'b', 'c', 'd', 'b', 'e', 'b', 'd', 'e', 'a', 'c', 'd', 'a', 'c', 'a', 'a', 'c', 'e', 'b', 'd', 'a', 'd', 'a', 'd', 'e', 'e', 'c', 'e', 'e', 'c', 'c', 'e', 'e')",200
24,spec_second_4.dot,2.25,"('d', 'd', 'c', 'd', 'd', 'e', 'b', 'e', 'b', 'b', 'e', 'b', 'd', 'd', 'a', 'b', 'd', 'b', 'a', 'e', 'b', 'a', 'd', 'a', 'e', 'e', 'c', 'd', 'a', 'd', 'a', 'a', 'b', 'd', 'c', 'e', 'd', 'b', 'e', 'b', 'b', 'a', 'c', 'c', 'b', 'c', 'e', 'd', 'e', 'e', 'b', 'b', 'd', 'b', 'e', 'b', 'a', 'a', 'b', 'c', 'b', 'b', 'e', 'a', 'b', 'a', 'a', 'c', 'b', 'b', 'c', 'e', 'c', 'e', 'a', 'd', 'e', 'a', 'd', 'e', 'a', 'd', 'c', 'c', 'c', 'e', 'a', 'b', 'd', 'c', 'c', 'c', 'b', 'd', 'b', 'e', 'a', 'b', 'e', 'e', 'a', 'c', 'b', 'b', 'd', 'b', 'c', 'd', 'e', 'a', 'd', 'a', 'c', 'b', 'b', 'e', 'e', 'e', 'd', 'a', 'a', 'b', 'c', 'a', 'b', 'c', 'b', 'c', 'd', 'e', 'd', 'b', 'a', 'a', 'a', 'e', 'b', 'b', 'b', 'e', 'e', 'a', 'd', 'e', 'e', 'd', 'd', 'e', 'd', 'b', 'b', 'e', 'c', 'b', 'e', 'c', 'b', 'a', 'a', 'd', 'a', 'e', 'e', 'e', 'e', 'e', 'a', 'd', 'b', 'c', 'b', 'a')",4200
24,spec_second_2.dot,1.19e+02,"('a', 'a', 'c', 'e', 'e', 'b', 'e', 'c', 'a', 'c', 'd', 'c', 'c', 'b', 'a', 'b', 'e', 'a', 'a', 'd', 'a', 'd', 'b', 'b', 'e', 'e', 'c', 'd', 'd', 'd', 'e', 'b', 'b', 'a', 'a', 'b', 'c', 'd', 'b', 'b', 'c', 'e', 'd', 'e', 'a', 'b', 'e', 'd', 'd', 'c', 'c', 'e', 'c', 'c', 'e', 'c', 'd', 'd', 'a', 'd', 'e', 'e', 'a', 'b', 'a', 'b', 'd', 'a', 'd', 'c', 'c', 'e', 'd', 'b', 'b', 'e', 'a', 'e', 'e', 'b', 'e', 'c', 'e', 'a', 'c', 'a', 'd', 'b', 'a', 'c', 'e', 'c', 'd', 'b', 'e', 'd', 'e', 'c', 'e', 'e', 'b', 'b', 'd', 'b', 'e', 'b', 'e', 'c', 'c', 'a', 'b', 'b', 'a', 'c', 'd', 'c', 'c', 'a', 'e', 'a', 'b', 'b', 'd', 'e', 'a', 'b', 'b', 'a', 'c', 'a', 'd', 'a', 'c', 'd', 'd', 'c', 'b', 'b', 'd', 'd', 'b', 'e', 'c', 'c', 'c', 'e', 'e', 'b', 'd', 'd', 'd', 'd', 'b', 'd', 'b', 'd', 'a', 'b', 'a', 'e', 'a', 'e', 'e', 'c', 'b', 'd', 'c', 'd', 'b', 'a', 'c', 'c', 'b', 'b', 'c', 'c', 'c', 'e', 'c', 'd', 'b')",218200
24,spec_second_1.dot,3.73,"('e', 'e', 'b', 'd', 'd', 'e', 'b', 'd', 'd', 'd', 'a', 'e', 'e', 'c', 'b', 'a', 'e', 'b', 'd', 'e', 'a', 'e', 'b', 'd', 'e', 'd', 'a', 'd', 'e', 'a', 'e', 'c', 'a', 'c', 'd', 'c', 'd', 'd', 'b', 'c', 'b', 'e', 'e', 'e', 'd', 'd', 'c', 'd', 'd', 'c', 'e', 'a', 'b', 'e', 'b', 'c', 'b', 'e', 'b', 'e', 'd', 'b', 'e', 'e', 'b', 'b', 'a', 'c', 'e', 'e', 'c', 'a', 'b', 'd', 'a', 'a', 'a', 'e', 'e', 'b', 'a', 'e', 'd', 'c', 'e', 'd', 'b', 'e', 'e', 'd', 'a', 'a', 'c', 'b', 'a', 'e', 'e', 'a', 'b', 'a', 'c', 'd', 'a', 'd', 'c', 'c', 'd', 'd', 'a', 'b', 'd', 'a', 'd', 'a', 'e', 'e', 'e', 'e', 'e', 'b', 'c', 'b', 'c', 'c', 'c', 'e', 'e', 'c')",7000
24,spec_second_5.dot,35.4,"('d', 'b', 'd', 'd', 'c', 'a', 'e', 'c', 'e', 'd', 'a', 'b', 'd', 'a', 'a', 'c', 'd', 'b', 'e', 'e', 'e', 'e', 'c', 'a', 'a', 'c', 'd', 'b', 'a', 'a', 'e', 'd', 'c', 'c', 'e', 'b', 'e', 'd', 'a', 'c', 'e', 'a', 'e', 'b', 'e', 'a', 'b', 'e', 'e', 'a', 'b', 'c', 'a', 'c', 'a', 'd', 'a', 'd', 'e', 'a')",64200
24,spec_second_3.dot,8.33,"('b', 'a', 'b', 'b', 'e', 'd', 'd', 'b', 'a', 'b', 'c', 'a', 'b', 'c', 'd', 'b', 'a', 'a', 'c', 'e', 'a', 'e', 'a', 'a', 'a', 'a', 'e', 'c', 'd', 'b', 'e', 'a', 'd', 'c', 'd', 'd', 'e', 'a', 'b', 'c', 'a', 'a', 'd', 'e', 'b', 'a', 'a', 'e', 'b', 'b', 'a', 'c', 'c', 'd', 'a', 'd', 'a', 'd', 'a', 'a', 'b', 'b', 'd', 'd', 'a', 'c', 'b', 'c', 'c', 'c', 'e', 'e', 'a', 'b', 'd', 'b', 'd', 'b', 'a', 'e', 'a', 'e', 'c', 'e', 'e', 'a', 'c', 'b', 'd', 'a', 'd', 'e', 'd', 'c', 'a', 'c', 'a', 'b', 'e', 'd', 'c', 'a', 'b', 'c', 'c', 'd', 'c', 'e', 'e', 'b', 'd', 'e', 'e', 'a', 'a', 'a', 'c', 'd', 'a', 'c', 'a', 'e', 'd', 'b', 'b', 'a', 'a', 'c', 'd', 'a', 'c', 'a', 'd', 'd', 'd', 'c', 'c', 'd', 'd', 'a', 'e', 'd', 'd', 'c', 'e', 'd', 'a', 'a', 'd', 'b', 'b', 'e', 'c', 'e', 'd', 'c', 'c', 'a', 'b', 'c', 'e', 'a', 'b', 'a', 'a', 'a', 'a', 'd', 'e', 'd', 'd', 'e', 'c', 'd', 'b', 'a', 'e', 'b', 'c', 'a', 'e', 'd', 'b', 'e', 'b', 'a', 'c', 'd', 'b', 'e', 'e', 'd', 'c', 'a', 'c', 'c', 'c', 'b', 'a', 'b', 'e', 'b', 'b', 'd', 'a', 'e', 'b', 'a', 'e', 'b', 'c', 'd', 'd', 'a', 'a', 'c', 'c', 'd', 'e', 'c', 'c', 'b', 'b', 'd', 'a', 'a', 'e', 'e', 'd', 'a', 'c', 'b', 'e', 'c', 'c', 'd', 'd', 'd', 'c', 'c', 'c', 'a', 'b', 'e', 'c', 'b', 'e', 'c', 'a', 'c', 'd', 'b', 'd', 'a', 'a', 'c', 'd', 'e', 'e', 'c', 'b', 'a', 'c', 'b', 'd', 'c', 'b', 'e', 'b', 'e', 'e', 'b', 'd', 'd', 'a', 'b', 'd', 'b', 'e', 'a', 'c', 'b', 'd', 'e', 'b', 'e', 'c', 'd', 'e', 'c', 'a', 'e', 'd', 'e', 'd', 'c', 'e', 'e', 'b', 'c', 'c', 'd', 'b', 'a', 'b', 'c', 'e', 'b', 'b', 'd', 'b', 'c', 'c', 'd', 'b', 'a', 'e', 'e', 'a', 'a', 'd', 'e')",15400
27,spec_second_4.dot,4.1,"('a', 'e', 'c', 'a', 'b', 'd', 'a', 'c', 'b', 'd', 'b', 'a', 'a', 'b', 'd', 'b', 'a', 'e', 'd', 'b', 'd', 'e', 'c', 'd', 'd', 'c', 'a', 'd', 'b', 'b', 'd', 'e', 'a', 'e', 'd', 'b', 'd', 'e', 'a', 'd', 'c', 'b', 'd', 'c', 'e', 'e', 'a', 'c', 'e', 'd', 'a', 'e', 'd', 'b', 'b', 'b', 'a', 'c', 'a', 'e', 'e', 'a', 'b', 'a', 'd', 'e', 'a', 'e', 'e', 'c', 'a', 'a', 'e', 'c', 'b', 'd', 'e', 'e')",10800
27,spec_second_2.dot,10.9,"('a', 'b', 'e', 'd', 'a', 'd', 'd', 'd', 'b', 'e', 'd', 'e', 'b', 'c', 'b', 'd', 'a', 'c', 'b', 'b', 'b', 'b', 'c', 'd', 'a', 'b', 'e', 'b', 'c', 'a', 'd', 'd', 'e', 'd', 'e', 'd', 'a', 'b', 'a', 'a', 'e', 'e', 'd', 'c', 'd', 'e', 'e', 'a', 'd', 'd', 'a', 'b', 'd', 'a', 'a', 'b', 'e', 'a', 'c', 'e', 'a', 'b', 'a', 'd', 'b', 'a', 'a', 'e', 'a', 'c', 'b', 'b', 'c')",27200
27,spec_second_1.dot,37.0,"('d', 'b', 'd', 'b', 'e', 'd', 'a', 'd', 'b', 'b', 'a', 'c', 'a', 'b', 'b', 'd', 'a', 'a', 'e', 'a', 'c', 'a', 'b', 'c', 'b', 'e', 'b')",92800
27,spec_second_3.dot,4.53,"('b', 'd', 'd', 'd', 'b', 'b', 'a', 'c', 'e', 'a', 'c', 'd', 'a', 'e', 'b', 'b', 'a')",11600
