name,spec_num,during_time_spec,extraction_mistake_during,dfa_extract_specs_states,dfa_extract_specs_final,dfa_extract_spec_mem_queries,mistake_time_rand,mistake_rand,rand_num_queries
13,spec_5.dot,0.105,d,3,1,259,19.0,"('a', 'a', 'b', 'b', 'c', 'b', 'b', 'c', 'd', 'e', 'b', 'e', 'a', 'e', 'e', 'c', 'a', 'e', 'e', 'e', 'e', 'e', 'e', 'b', 'd', 'c', 'd', 'a', 'd', 'c', 'c', 'a', 'a', 'a', 'c', 'd')",54000
13,spec_4.dot,2.65,d,11,1,2656,20.9,"('a', 'c', 'a', 'd', 'd', 'e', 'e', 'b', 'c', 'd', 'a', 'a', 'b', 'c', 'a', 'b', 'b', 'e', 'e', 'd', 'e', 'd', 'e', 'c', 'b', 'a', 'e', 'c', 'b', 'c', 'e', 'a', 'b', 'e', 'b', 'd', 'b', 'e', 'c', 'c', 'c', 'e', 'd', 'c', 'a', 'e', 'e', 'e', 'd', 'a', 'd', 'a', 'e', 'e', 'c', 'a', 'd', 'a', 'b', 'a', 'd', 'b', 'e', 'c', 'b', 'e', 'a', 'c', 'b', 'a', 'a', 'e', 'e', 'b', 'a', 'd', 'c', 'b', 'd')",58600
13,spec_1.dot,0.11,e,4,1,317,34.7,"('e', 'e', 'c', 'b', 'd', 'd', 'b', 'd', 'a', 'a', 'b', 'd', 'e', 'b', 'a', 'a', 'b', 'c', 'd', 'b', 'd', 'e', 'a', 'd', 'a', 'c', 'd', 'c', 'a', 'a', 'e', 'e', 'c', 'd', 'b', 'd', 'c', 'e', 'e', 'd', 'd', 'b', 'c', 'c', 'e', 'a', 'b', 'a', 'c')",96400
13,spec_3.dot,0.208,b,6,1,583,1.8,"('a', 'c', 'e', 'c', 'b', 'd', 'b', 'a', 'a', 'e', 'c', 'a', 'c', 'b', 'd', 'a', 'd', 'b', 'b', 'e', 'd', 'd', 'b', 'e', 'b', 'b', 'e', 'b', 'e', 'd', 'a', 'a', 'e', 'd', 'e', 'b', 'd', 'e', 'b', 'c', 'c', 'a', 'c', 'e', 'b', 'b', 'd', 'c', 'b', 'b', 'b', 'b', 'd', 'd', 'd', 'a', 'd', 'e', 'd', 'b', 'd')",5000
name,spec_num,during_time_spec,extraction_mistake_during,dfa_extract_specs_states,dfa_extract_specs_final,dfa_extract_spec_mem_queries,mistake_time_rand,mistake_rand,rand_num_queries
13,spec_5.dot,0.276,b,8,1,941,1.91,"('a', 'd', 'b', 'd', 'a', 'b', 'd', 'e', 'a', 'e', 'a', 'c', 'e', 'a', 'e', 'e', 'c', 'b', 'b', 'e', 'a', 'd', 'e', 'a', 'c', 'e', 'c', 'c', 'a', 'd', 'a', 'b', 'a', 'a', 'b', 'b', 'a', 'd', 'b', 'd', 'c', 'e', 'd', 'a', 'c', 'a', 'a', 'b', 'd', 'a', 'c', 'e', 'b', 'b', 'b', 'c', 'd', 'a', 'd', 'b', 'a', 'b', 'c', 'b', 'b', 'b', 'e', 'b', 'e', 'c', 'd', 'e', 'a', 'd', 'd', 'b', 'e', 'e', 'd', 'd', 'c', 'c', 'b', 'a', 'a', 'b', 'a', 'b', 'd', 'e', 'a', 'e', 'd', 'c', 'e', 'e', 'a', 'e', 'e', 'd', 'd', 'a', 'a', 'e', 'c', 'c', 'e', 'e', 'a', 'c', 'e', 'c', 'd', 'd', 'a', 'a', 'b', 'e', 'b', 'e', 'b', 'd', 'b', 'd', 'b', 'a', 'a', 'a', 'c', 'e', 'd', 'c', 'e', 'b', 'e', 'c', 'c', 'd')",5400
13,spec_4.dot,0.411,c,10,1,1359,4.24,"('d', 'c', 'a', 'd', 'c', 'a', 'd', 'a', 'd', 'e', 'c', 'd', 'c', 'c', 'e', 'b', 'a', 'd', 'a', 'e', 'b', 'b', 'c', 'd', 'b', 'a', 'e', 'a', 'd', 'e', 'c', 'a', 'e', 'c', 'd', 'b', 'd', 'd', 'd', 'a', 'a', 'a', 'a', 'a', 'b', 'a', 'e', 'e', 'b', 'a', 'd', 'a', 'a', 'e', 'b', 'a', 'c')",11800
name,spec_num,during_time_spec,extraction_mistake_during,dfa_extract_specs_states,dfa_extract_specs_final,dfa_extract_spec_mem_queries,mistake_time_rand,mistake_rand,rand_num_queries
13,spec_5.dot,31.9,d,43,2,75178,45.5,NAN,120000
name,spec_num,during_time_spec,extraction_mistake_during,dfa_extract_specs_states,dfa_extract_specs_final,dfa_extract_spec_mem_queries,mistake_time_rand,mistake_rand,rand_num_queries
13,spec_5.dot,11.6,NAN,11,1,32351,6.79,"('b', 'a', 'd', 'c', 'e', 'c', 'c', 'b', 'b', 'e', 'd', 'c', 'a', 'c', 'e', 'e', 'd', 'b', 'e', 'c', 'c', 'e', 'b', 'e', 'e', 'd', 'b', 'd', 'b', 'c', 'b', 'd', 'a', 'b', 'e', 'b', 'c', 'a', 'd', 'a', 'e', 'c', 'e', 'e', 'b', 'd', 'c', 'a', 'b', 'c', 'b', 'e', 'e', 'b', 'd', 'd', 'a', 'a', 'e', 'a', 'c', 'c', 'c', 'b', 'c', 'd')",19200
13,spec_4.dot,11.2,NAN,11,1,32161,27.8,"('e', 'e', 'c', 'b', 'd', 'b', 'a', 'c', 'e', 'c', 'b', 'c', 'd', 'd', 'e', 'c', 'a', 'a', 'a', 'c', 'b', 'd', 'b', 'a', 'c', 'e', 'a', 'c', 'c', 'a', 'c', 'd', 'e', 'b', 'd')",79000
13,spec_1.dot,12.1,"('a', 'b', 'b', 'e', 'd', 'd', 'c', 'a', 'a', 'c', 'b', 'c', 'd')",19,2,10292,33.7,"('a', 'a', 'e', 'a', 'b', 'e', 'd', 'e', 'a', 'a', 'd', 'a', 'a', 'c', 'e', 'b', 'd', 'd', 'a', 'b', 'd', 'c', 'b', 'b', 'b', 'd', 'c', 'd', 'b', 'b', 'e', 'a', 'e', 'c', 'a', 'c', 'e', 'd', 'd', 'd', 'b', 'b', 'c', 'b', 'b', 'e', 'a', 'b', 'd', 'a', 'e', 'd', 'd', 'e', 'e', 'b', 'c', 'a', 'b', 'e', 'a', 'b', 'b', 'c', 'd', 'd', 'd', 'a', 'c', 'd', 'c', 'e', 'c', 'd')",95200
13,spec_3.dot,11.8,NAN,11,1,32598,18.0,"('c', 'd', 'b', 'b', 'b', 'e', 'a', 'a', 'd', 'b', 'b', 'c', 'b', 'b', 'a', 'b', 'b', 'b', 'd', 'c', 'b', 'e', 'a', 'b', 'e', 'd', 'd', 'e', 'a', 'd', 'a', 'a', 'b', 'a', 'd', 'a', 'd', 'd', 'b', 'c', 'a', 'd', 'e', 'c', 'c', 'e', 'c', 'b', 'c', 'd', 'd', 'c', 'b', 'a', 'a', 'b', 'e', 'a', 'c', 'c', 'a', 'b', 'a', 'd', 'a', 'd', 'c', 'a', 'b', 'c', 'b', 'b', 'a', 'e', 'd', 'e', 'e', 'e', 'b', 'a', 'e', 'd', 'e', 'd', 'e', 'e', 'd', 'c', 'c', 'b', 'b', 'a', 'b', 'd', 'd', 'c', 'e', 'e', 'e', 'a', 'b', 'a', 'a', 'c', 'a', 'c', 'c', 'e', 'd', 'e', 'e', 'e', 'd', 'b', 'e', 'a', 'b', 'e', 'b', 'c', 'e', 'a', 'e', 'e', 'b', 'c', 'c', 'e', 'a', 'a', 'c', 'e', 'a', 'c', 'd', 'd', 'd', 'b', 'a', 'b', 'b', 'b', 'd')",51000
13,spec_2.dot,16.3,"('b', 'a', 'e', 'c', 'd', 'a', 'a', 'e', 'b', 'd')",33,4,40865,9.3,"('e', 'd', 'b', 'd', 'e', 'e', 'd', 'c', 'a', 'd', 'e', 'c', 'e', 'd', 'a', 'c', 'd', 'd', 'a', 'd', 'a', 'e', 'e', 'e', 'e', 'b', 'd', 'b', 'd', 'e', 'c', 'a', 'b', 'a', 'a', 'd', 'e', 'a', 'a', 'c', 'e', 'c', 'a', 'b', 'a', 'c', 'a', 'd', 'e', 'e', 'e', 'd', 'b', 'd', 'a', 'c', 'a', 'e', 'a', 'd', 'e', 'a', 'd', 'c', 'a', 'e', 'b', 'a', 'a', 'c', 'a', 'c', 'a', 'a', 'd', 'b', 'a', 'd', 'a', 'd', 'b', 'c', 'a', 'c', 'a', 'b', 'b', 'd', 'd', 'e', 'c', 'c', 'e', 'e', 'b', 'c', 'e', 'b', 'e', 'c', 'a', 'd', 'e', 'e', 'd', 'c', 'a', 'a', 'c', 'c', 'd', 'd', 'c', 'e', 'c', 'a', 'd', 'b', 'e', 'c', 'd', 'a', 'a', 'e', 'a', 'e', 'b', 'a', 'd', 'c', 'c', 'b', 'b', 'd', 'd', 'b', 'e', 'c')",26800
22,spec_1.dot,8.16,NAN,9,7,28631,35.2,NAN,120000
22,spec_2.dot,8.16,NAN,9,7,28631,35.4,NAN,120000
12,spec_5.dot,30.8,"('b', 'b', 'e', 'c', 'c', 'b', 'd', 'b', 'b', 'd', 'd', 'b', 'b')",36,11,56235,3.91,"('e', 'c', 'c', 'e', 'e', 'a', 'd', 'a', 'c', 'c', 'e', 'e', 'c', 'd', 'b', 'd', 'd', 'd', 'd', 'a', 'b', 'c', 'e', 'c', 'd', 'b', 'd', 'd', 'b', 'c', 'b', 'e', 'c', 'b', 'e', 'c', 'b', 'e', 'e', 'e')",10800
12,spec_4.dot,13.3,NAN,15,5,38360,20.5,"('b', 'd', 'e', 'd', 'd', 'c', 'e', 'b', 'c', 'e', 'a', 'e', 'c', 'b', 'a', 'd', 'a', 'b', 'c', 'b', 'd', 'e', 'e', 'e', 'd', 'd', 'c', 'c', 'd', 'e', 'a', 'c', 'd', 'c', 'b', 'e', 'c', 'c', 'b', 'b', 'd', 'a', 'c', 'a', 'a', 'a', 'e', 'e', 'b', 'c', 'c', 'c', 'b', 'b', 'b', 'c', 'b', 'c', 'a', 'd', 'b', 'b', 'c', 'd', 'd', 'e', 'a', 'c', 'c', 'e', 'c', 'e', 'c', 'b', 'c', 'd', 'b', 'b', 'a', 'b', 'b', 'c', 'b', 'e', 'b', 'e', 'c', 'e', 'd', 'e', 'd', 'd', 'b', 'd', 'a', 'a', 'e', 'd', 'a', 'e', 'c', 'c', 'e', 'c', 'd', 'b', 'c', 'e', 'd', 'e', 'e', 'e', 'b', 'c', 'a', 'b', 'b', 'e', 'e', 'b', 'e', 'a', 'e', 'd', 'd', 'b', 'a', 'd', 'b', 'e', 'a', 'd', 'e', 'd', 'e', 'd', 'a', 'd', 'e', 'd', 'c', 'd', 'd', 'c', 'c', 'd', 'c', 'a', 'b', 'c', 'b', 'a', 'b', 'c', 'b', 'c', 'c', 'e', 'd', 'a', 'c', 'c', 'd', 'e', 'a', 'a', 'd', 'd', 'e', 'b', 'c', 'b', 'd', 'c', 'e', 'c', 'e', 'd', 'e', 'a', 'a', 'c', 'a', 'a', 'c', 'e', 'a', 'a', 'b', 'b', 'a', 'a', 'c', 'd', 'c', 'a', 'b', 'e', 'e', 'd', 'c', 'b', 'e', 'c', 'a', 'a', 'e', 'd', 'd', 'c', 'd', 'a', 'a', 'd', 'b', 'e', 'b', 'a', 'a', 'a', 'a', 'e', 'e', 'e', 'e', 'a', 'd', 'c', 'b', 'e', 'a', 'c', 'e', 'e', 'a', 'a', 'a', 'b', 'c', 'b', 'b', 'd', 'c', 'b', 'd', 'a', 'c', 'b', 'c', 'a', 'e', 'e', 'a', 'a', 'b', 'd', 'a', 'a', 'e', 'a', 'd', 'a', 'e', 'e', 'd', 'b', 'b', 'a', 'e', 'c', 'c', 'd', 'd', 'b', 'e', 'd', 'e', 'e', 'd', 'a', 'e', 'b', 'e', 'e', 'd', 'd', 'd', 'd', 'c', 'd', 'd', 'a', 'c', 'e', 'd', 'b', 'a', 'c', 'a', 'e', 'a', 'e', 'a', 'b', 'b', 'b', 'd', 'c', 'e', 'c', 'b', 'c', 'b', 'b', 'a', 'd', 'b', 'c', 'c', 'a', 'e', 'c', 'c', 'b', 'b', 'e', 'e', 'b', 'e', 'b', 'd', 'e', 'a', 'a', 'd', 'c', 'd', 'a', 'e', 'b', 'c', 'd', 'd', 'c', 'b', 'e', 'd', 'a', 'b', 'c', 'b', 'b', 'd', 'e', 'a', 'e', 'e', 'c', 'd', 'e', 'a', 'c', 'd', 'b', 'b', 'e', 'd', 'd', 'c', 'c', 'b', 'd', 'e', 'e', 'b', 'a', 'a', 'b', 'd', 'd', 'a', 'd', 'a', 'b', 'd', 'c', 'a', 'b', 'c', 'c', 'e', 'c', 'b', 'e', 'd', 'c', 'd', 'a', 'e', 'c', 'd', 'b', 'b', 'e', 'c', 'a', 'b', 'd', 'd', 'c', 'b', 'a', 'a', 'd', 'b', 'c', 'b', 'e', 'b', 'a', 'd', 'b', 'e', 'd', 'd', 'a', 'c', 'a', 'e', 'c', 'a', 'e', 'c', 'e', 'c', 'd', 'e', 'e', 'a', 'b', 'd', 'e', 'c', 'd', 'd', 'b', 'e', 'c', 'a', 'c', 'e', 'd', 'e', 'b', 'b', 'c', 'e', 'a', 'a', 'a', 'c', 'e', 'e', 'e', 'e', 'c', 'd', 'e', 'a', 'c', 'd', 'd', 'b', 'd', 'b', 'd', 'd', 'd', 'c', 'd', 'e', 'd', 'c', 'b', 'd', 'a', 'd', 'b', 'b', 'e', 'd', 'e', 'b', 'b', 'd', 'd', 'b', 'b', 'b', 'b', 'b', 'd', 'd', 'e', 'd', 'e', 'a', 'e', 'a', 'b', 'c', 'a', 'e', 'd', 'c', 'c', 'e', 'd', 'e', 'b', 'c', 'e', 'c', 'c', 'e', 'e', 'd')",57600
12,spec_1.dot,14.0,NAN,15,5,38345,1.88,"('c', 'c', 'a', 'e', 'a', 'e', 'e', 'e', 'e', 'b', 'b', 'b', 'a', 'e', 'd', 'a', 'a', 'b', 'c', 'e', 'a', 'c', 'b', 'c', 'c', 'c', 'c', 'd', 'e', 'c', 'd', 'd', 'd', 'e', 'c', 'b', 'b', 'b', 'c', 'c', 'e', 'a', 'a', 'c', 'c', 'e', 'c', 'b', 'e', 'e', 'd', 'd', 'd', 'e', 'a', 'a', 'c', 'e', 'a', 'b', 'e', 'c', 'd', 'a', 'c', 'b', 'a', 'd', 'a', 'c', 'd', 'd', 'e', 'c', 'a', 'a', 'e', 'a', 'a', 'b', 'c', 'c', 'a', 'a', 'c', 'b', 'c', 'a', 'a', 'b', 'd', 'd', 'c', 'a', 'a', 'b', 'c', 'b', 'd', 'e', 'e', 'a', 'e', 'b', 'e', 'e', 'c', 'e', 'e', 'd', 'd', 'd', 'd', 'e', 'e', 'b', 'd', 'e', 'c', 'e', 'b', 'a', 'd', 'd', 'd', 'c', 'a', 'c', 'a', 'b', 'e', 'e', 'c', 'd', 'b', 'c', 'b', 'b', 'a', 'd', 'a', 'a', 'e', 'd', 'a', 'b', 'c', 'c', 'a', 'a', 'c', 'e', 'a', 'b', 'd', 'd', 'd', 'd', 'a', 'd', 'd', 'd', 'a', 'a', 'c', 'b', 'b', 'a', 'a', 'a', 'c', 'd', 'b', 'c', 'b', 'e', 'a', 'e', 'e', 'a', 'd', 'd', 'c', 'b', 'e', 'b', 'd', 'e', 'd', 'd', 'e', 'c', 'e', 'd', 'e', 'b', 'b', 'a', 'c', 'a', 'e', 'a', 'e', 'c', 'e', 'd', 'a', 'e', 'd', 'e', 'b', 'd', 'b', 'b', 'a', 'c', 'b', 'd', 'c', 'b', 'b', 'e', 'd', 'e', 'd', 'a', 'e', 'd', 'e', 'd', 'a', 'c', 'e', 'e', 'd', 'e', 'b', 'b', 'e', 'd', 'c', 'a', 'b', 'd', 'c', 'c', 'c', 'e', 'a', 'e', 'b', 'c', 'b', 'd', 'd', 'a', 'a', 'b', 'c', 'b', 'e', 'a', 'd', 'a', 'a', 'b', 'e', 'b', 'a', 'e', 'd', 'a', 'c', 'd', 'd', 'b', 'd', 'd', 'e', 'd', 'e', 'e', 'a', 'c', 'a', 'e', 'b', 'c', 'e', 'a', 'e', 'e', 'e', 'd', 'c', 'd', 'd', 'b', 'b', 'c', 'e', 'd', 'd', 'a', 'c', 'e', 'e', 'd', 'd', 'e', 'e', 'e', 'e', 'a', 'd', 'c', 'a', 'e', 'd', 'a', 'b', 'd', 'a', 'd', 'b', 'b', 'e', 'e', 'b', 'c', 'e', 'e', 'a', 'e', 'b', 'c', 'd', 'e', 'a', 'b', 'b', 'c', 'b', 'a', 'b', 'b', 'd', 'e', 'e', 'c', 'a', 'c', 'b', 'd', 'e', 'c', 'c', 'e', 'b', 'e', 'c', 'e', 'b', 'e', 'c', 'c', 'e', 'b', 'a')",5000
12,spec_3.dot,13.9,NAN,15,5,38390,1.26,"('c', 'c', 'e', 'b', 'a', 'e', 'b', 'c', 'c', 'b', 'a', 'c', 'a', 'e', 'c', 'a', 'b', 'd', 'b', 'b', 'c', 'b', 'b', 'd', 'b', 'a', 'a', 'b', 'd', 'c', 'a', 'd', 'a', 'c', 'c', 'd', 'a', 'd', 'b', 'e', 'd', 'b', 'b', 'a', 'a', 'c', 'd', 'e', 'e', 'b', 'e', 'c')",3400
12,spec_2.dot,21.2,"('c', 'b', 'd', 'e', 'b', 'e', 'a', 'e', 'c', 'b', 'e', 'a', 'e', 'd', 'e', 'c', 'b', 'a', 'a')",34,8,38853,8.2,"('d', 'b', 'd', 'b', 'b', 'e', 'a', 'c', 'e')",22600
30,spec_5.dot,5.12,"('a', 'e', 'a', 'c', 'e', 'c', 'e', 'a', 'c', 'd')",31,7,13722,0.403,"('e', 'a', 'd', 'd', 'a', 'a', 'a', 'b', 'e', 'b', 'a', 'b', 'a', 'd', 'e', 'c', 'a', 'd', 'd', 'd', 'e', 'a', 'c', 'a', 'a', 'c', 'c', 'd', 'e', 'c', 'b', 'a', 'a', 'b', 'e', 'a', 'e', 'b', 'd', 'e', 'e', 'a', 'e', 'd', 'c', 'a', 'd', 'd', 'e', 'c', 'c', 'a', 'b', 'b', 'e', 'e', 'b', 'a', 'e', 'e', 'a', 'b', 'd', 'b', 'b', 'd', 'c', 'a', 'b', 'd', 'b', 'c', 'e', 'e', 'a', 'c', 'e', 'c', 'e', 'a', 'b', 'b', 'd')",800
30,spec_4.dot,20.7,"('a', 'b', 'a', 'b', 'c', 'c', 'e', 'c', 'e', 'a', 'c', 'd')",48,11,39604,1.19,"('d', 'a', 'c', 'b', 'd', 'd', 'b', 'b', 'c', 'c', 'c', 'a', 'e', 'c', 'e', 'a', 'd', 'b', 'e', 'a', 'd', 'e', 'e', 'd', 'c', 'b', 'd', 'a', 'c', 'c', 'c', 'b', 'a', 'a', 'a', 'c', 'c', 'e', 'd', 'e', 'd', 'e', 'd', 'c', 'e', 'd', 'c', 'b', 'a', 'd', 'a', 'a', 'c', 'e', 'c', 'c', 'a', 'd', 'a', 'c', 'e', 'd', 'a', 'c', 'b', 'c', 'd', 'c', 'c', 'e', 'b', 'a', 'a', 'c', 'b', 'd', 'a', 'a', 'a', 'c', 'a', 'a', 'd', 'b', 'b', 'd', 'e', 'b', 'a', 'e', 'd', 'a', 'e', 'e', 'a', 'e', 'd', 'a', 'e', 'c', 'c', 'd', 'a', 'b', 'c', 'b', 'b', 'c')",2200
30,spec_1.dot,15.0,"('e', 'e', 'd', 'b', 'a', 'd', 'e', 'a', 'd', 'c', 'b', 'c', 'a', 'e', 'a', 'b')",38,10,24464,1.76,"('a', 'c', 'b', 'c', 'e', 'd', 'b', 'd', 'd', 'd', 'b', 'b', 'a', 'e', 'c', 'd', 'c', 'e', 'c', 'e', 'b', 'c', 'd', 'd', 'c', 'e', 'e', 'c', 'b', 'b', 'a', 'c', 'c', 'b', 'e', 'b', 'e', 'd', 'e', 'b', 'a', 'd', 'a', 'b', 'e', 'd', 'b', 'b', 'd', 'e', 'b', 'b', 'd', 'e', 'c', 'd', 'd', 'd', 'd', 'a', 'c', 'd', 'd', 'd', 'e', 'd', 'a', 'e', 'b', 'b', 'a', 'c', 'b', 'a', 'c', 'a', 'c', 'e', 'e', 'e', 'd', 'c', 'd', 'a', 'c', 'e', 'c', 'a', 'b', 'e', 'b', 'd', 'a', 'b', 'a', 'b', 'c', 'e', 'a', 'd', 'e', 'c', 'e', 'c', 'a', 'c', 'b', 'b', 'e', 'a', 'a', 'e', 'a', 'd', 'b', 'b', 'b', 'd', 'b', 'a', 'a', 'a', 'd', 'd', 'a', 'a', 'e', 'e', 'b', 'b', 'e', 'b', 'b', 'b', 'c', 'd', 'e', 'c', 'e', 'c', 'd', 'a', 'c', 'd', 'd', 'c', 'c', 'a', 'a', 'a', 'd', 'd', 'b', 'c', 'b', 'c', 'b', 'c', 'b', 'b', 'b', 'c', 'a', 'b', 'b', 'b', 'c', 'b', 'b', 'a', 'a', 'a', 'b', 'b', 'c', 'd', 'b', 'd', 'd', 'c', 'b', 'e', 'e', 'a', 'e', 'c', 'd', 'c', 'a', 'c', 'd', 'b', 'b', 'e', 'd', 'b', 'd', 'b', 'c', 'b', 'd', 'c', 'e', 'e', 'b', 'd', 'd', 'a', 'd', 'b', 'e', 'e', 'c', 'a', 'c')",3400
30,spec_3.dot,17.2,"('b', 'a', 'e', 'e', 'b', 'a', 'a', 'e', 'a', 'b', 'e', 'd', 'c', 'b', 'a', 'd', 'd', 'b', 'd')",45,9,34342,0.117,"('b', 'd', 'e', 'e', 'a', 'd', 'd', 'c', 'e', 'b', 'c', 'b', 'e', 'c', 'd', 'c', 'b', 'a', 'd', 'a', 'c', 'e', 'c', 'e', 'd', 'e', 'd', 'b', 'c', 'd', 'e', 'c')",200
30,spec_2.dot,18.6,"('a', 'c', 'd', 'd', 'a', 'd', 'b', 'e', 'c', 'd')",38,8,33029,0.222,"('d', 'c', 'b', 'd', 'c', 'e', 'c', 'e', 'c', 'e', 'b', 'c', 'b', 'd', 'c', 'c', 'd', 'b', 'e', 'd', 'c', 'd', 'c', 'a', 'c', 'e', 'd', 'a', 'a', 'a', 'd')",400
26,spec_5.dot,13.5,"('a', 'c', 'd', 'e', 'b', 'b', 'b', 'd', 'b', 'e')",26,5,27815,7.57,"('b', 'e', 'b', 'e', 'd', 'c', 'a', 'd', 'c', 'c', 'a', 'a', 'd', 'e', 'b', 'd', 'a', 'a', 'a', 'd', 'e', 'a', 'b', 'b', 'a', 'b', 'e', 'a', 'e', 'e', 'b', 'c', 'e', 'a', 'a', 'a', 'b', 'a', 'b', 'e', 'a', 'e', 'e', 'b', 'e', 'e', 'c', 'a', 'a', 'd', 'a', 'a', 'e', 'b', 'c', 'c', 'd', 'd', 'a', 'c', 'a', 'd', 'd', 'e', 'e', 'b', 'c', 'a', 'a', 'd', 'b', 'c', 'b', 'e', 'c', 'b', 'a', 'c', 'd', 'b', 'a', 'e', 'b', 'b', 'b', 'a', 'e', 'd', 'b', 'a', 'a', 'c', 'a', 'c', 'd', 'a', 'a', 'e', 'e', 'a', 'd', 'c', 'e')",14600
26,spec_4.dot,2.97,"('a', 'c', 'd', 'a', 'a', 'e', 'b', 'a', 'c', 'e', 'b')",28,7,14837,5.43,"('d', 'a', 'c', 'a', 'c', 'd', 'd', 'c', 'a', 'b', 'a', 'c', 'e', 'd', 'a', 'b', 'e', 'd', 'd', 'a', 'd', 'c', 'a', 'd', 'd', 'd', 'd', 'd', 'a', 'e', 'c', 'c', 'b', 'c', 'e', 'b', 'c', 'a', 'a', 'a', 'b', 'c', 'c', 'e', 'b', 'd', 'd', 'a', 'a', 'a', 'a', 'a', 'e', 'd', 'c', 'd', 'b', 'd', 'd', 'a', 'c', 'a', 'a', 'e', 'a', 'a', 'd', 'a', 'c', 'e', 'd', 'b', 'd', 'd', 'e', 'b', 'e', 'e', 'b', 'd', 'a', 'e', 'b', 'b', 'd', 'd', 'c', 'e', 'b', 'e', 'c', 'd', 'b', 'b', 'b', 'c', 'a', 'a', 'c', 'b', 'b', 'a', 'e', 'd', 'c', 'e', 'b', 'b', 'b', 'b', 'c', 'c', 'c')",10400
26,spec_1.dot,21.3,"('a', 'c', 'd', 'e', 'b', 'b', 'b', 'a', 'd', 'd', 'a')",26,5,33597,2.04,"('e', 'e', 'e', 'a', 'a', 'd', 'd', 'a', 'c', 'a', 'c', 'c', 'd', 'd', 'a', 'e', 'b', 'c', 'e', 'b', 'c', 'e', 'b', 'b', 'b', 'a', 'c', 'b', 'd', 'd', 'b', 'a', 'c', 'c', 'd', 'c', 'a', 'e', 'b')",3800
26,spec_3.dot,5.15,"('a', 'c', 'd', 'e', 'b', 'b', 'b', 'd', 'b', 'e')",26,5,12259,3.95,"('e', 'c', 'c', 'd', 'c', 'c', 'd', 'd', 'd', 'b', 'c', 'b', 'e', 'c', 'b', 'a', 'e', 'd', 'c', 'd', 'd', 'a', 'd', 'a', 'a', 'a', 'd', 'c', 'e', 'b', 'e', 'd', 'c', 'd', 'a', 'a', 'a', 'b', 'd', 'd', 'b', 'b', 'c', 'e', 'e', 'a', 'e', 'a', 'a', 'a', 'a', 'a', 'e', 'b', 'd', 'd', 'e', 'a', 'c', 'e', 'c', 'e', 'c', 'b', 'e', 'a', 'c', 'c', 'a', 'b', 'c', 'c', 'c', 'b', 'b', 'a', 'c', 'a', 'd', 'd', 'a', 'b', 'a', 'a', 'c', 'd', 'c', 'e', 'c', 'd', 'c', 'b', 'd', 'e', 'a', 'd', 'c', 'd', 'c', 'e', 'a', 'e', 'd', 'e', 'e', 'e', 'd', 'e', 'd', 'a', 'b', 'c', 'c', 'e', 'd', 'b', 'a', 'c', 'a', 'd', 'b', 'a', 'b', 'a', 'd', 'a', 'b', 'b', 'e', 'a', 'b', 'e', 'e', 'e', 'b', 'd', 'd', 'd', 'c', 'a', 'b', 'e', 'a', 'a', 'a', 'e', 'b', 'a', 'd', 'd', 'd', 'c', 'c')",7800
26,spec_2.dot,10.3,"('a', 'c', 'd', 'e', 'b', 'b', 'b', 'd', 'b', 'e')",31,5,24466,3.57,"('d', 'a', 'c', 'a', 'c', 'e', 'a', 'c', 'b', 'e', 'e', 'd', 'c', 'c', 'a', 'e', 'd', 'b', 'b', 'e', 'b', 'd', 'd', 'd', 'c', 'a', 'b', 'a', 'a', 'a', 'c', 'b', 'e', 'a', 'd', 'd', 'e', 'a', 'a', 'a', 'c', 'e', 'b', 'b', 'b', 'd', 'b', 'b', 'c', 'e', 'e', 'c', 'c', 'c')",6600
9,spec_5.dot,2.17,"('a', 'c', 'e', 'a', 'c', 'c', 'c', 'e', 'c', 'a')",20,12,7826,6.09,"('a', 'c', 'e', 'a', 'b', 'c', 'd', 'b', 'c', 'a', 'd', 'b', 'd', 'b', 'e', 'b', 'e', 'c', 'b', 'd', 'd', 'a', 'b', 'a', 'c', 'b', 'c', 'a', 'c', 'b', 'a', 'e', 'a', 'c', 'c', 'b', 'a', 'e', 'e', 'c', 'e', 'b', 'c', 'c', 'c', 'a', 'e', 'a', 'd', 'a', 'b', 'b', 'c', 'e', 'c', 'c', 'e', 'c', 'c', 'b', 'c', 'b', 'd', 'd', 'd', 'e', 'c', 'c', 'a', 'c', 'e', 'c', 'b', 'c', 'e', 'd', 'a', 'c', 'c', 'a', 'a', 'a', 'd', 'a', 'a', 'a', 'd', 'c', 'b', 'a', 'd', 'e', 'c', 'e', 'd', 'e', 'b', 'e', 'a', 'a', 'c', 'a', 'd', 'a', 'a', 'e', 'c', 'e', 'd', 'a', 'e', 'e', 'e', 'e', 'e', 'a', 'b', 'a', 'e', 'd', 'd', 'b', 'a', 'b', 'd', 'e', 'e', 'b', 'c', 'a', 'c', 'c', 'd', 'a', 'a', 'd', 'd', 'e', 'c', 'c', 'a', 'a', 'd', 'a', 'e', 'b', 'c', 'b', 'a', 'c', 'c', 'e', 'e', 'b', 'b', 'd', 'a', 'd', 'c', 'c', 'c', 'e', 'c', 'd', 'e', 'e', 'd', 'e', 'b', 'c', 'd')",17400
9,spec_4.dot,12.5,NAN,14,8,36613,9.56,"('d', 'c', 'b', 'd', 'e', 'b', 'e', 'd', 'd', 'c', 'e', 'c', 'b', 'c', 'd', 'a', 'a', 'c', 'b', 'c', 'e', 'd', 'c', 'c', 'd', 'b', 'a', 'b', 'a', 'a', 'a', 'a', 'b', 'b', 'e', 'b', 'b', 'b', 'c', 'c', 'e', 'd', 'e', 'c', 'c', 'a', 'c', 'a', 'c', 'e', 'b', 'e', 'a', 'c', 'e', 'a', 'a', 'a', 'd', 'b', 'a', 'c', 'd', 'c', 'c', 'c', 'd', 'e', 'e', 'd', 'd', 'c', 'e', 'b', 'a', 'a', 'c', 'c', 'e', 'c', 'e', 'e', 'c', 'e', 'd', 'e', 'd', 'c', 'e', 'c', 'b', 'd', 'c', 'd', 'b', 'c', 'a', 'e', 'b', 'c', 'b', 'a', 'a', 'a', 'e', 'c', 'a', 'c', 'b', 'd', 'e', 'd', 'd', 'a', 'b', 'd', 'e', 'e', 'a', 'a', 'a', 'c', 'd', 'a', 'e', 'a', 'e', 'b', 'd', 'c', 'b', 'a', 'a', 'a', 'd', 'c', 'a', 'e', 'a', 'b', 'e', 'e', 'd', 'a', 'd', 'e', 'a', 'c', 'e', 'c', 'c', 'a', 'a', 'd', 'd', 'e', 'c', 'c', 'e', 'c', 'b', 'b', 'a', 'c', 'b', 'b', 'a', 'c', 'e', 'd', 'b', 'd', 'c', 'd', 'e', 'b', 'c', 'd', 'c', 'c', 'b', 'b', 'c', 'd', 'b', 'e', 'd', 'b', 'b', 'e', 'a', 'a', 'b', 'a', 'd', 'd', 'c', 'e', 'b', 'a', 'd', 'd', 'c', 'a', 'a', 'b', 'c', 'e', 'a', 'b', 'a', 'e', 'a', 'd', 'e', 'a', 'e', 'c', 'a', 'd', 'e', 'b', 'e', 'e', 'a', 'c', 'a', 'd', 'b', 'c', 'd', 'e', 'b', 'c', 'e', 'b', 'c', 'b', 'd', 'b', 'e', 'c', 'a', 'b', 'e', 'd', 'c', 'a', 'e', 'a', 'e', 'b', 'c', 'e', 'e', 'b', 'c', 'c', 'a', 'e', 'c', 'b', 'b', 'b', 'b', 'b', 'c', 'b', 'b', 'b', 'd', 'c', 'e', 'c', 'd', 'a', 'd', 'c', 'e', 'a', 'c', 'c', 'd', 'c', 'a', 'd', 'e', 'b', 'a', 'e', 'e', 'b', 'b', 'c', 'c', 'c', 'b', 'd', 'a', 'b', 'b', 'b', 'e', 'c', 'd', 'e', 'd', 'b', 'b', 'a', 'e', 'e', 'e', 'e', 'b', 'b', 'd', 'c', 'a', 'a', 'd', 'd', 'c', 'b', 'b', 'b', 'a', 'b', 'a', 'e', 'a', 'c', 'c', 'b', 'c', 'b', 'd', 'e', 'a', 'a', 'c', 'a', 'd', 'b', 'b', 'e', 'e', 'b', 'c', 'a', 'c', 'a', 'e', 'd', 'd', 'c', 'd', 'a', 'b', 'b', 'd', 'b', 'e', 'b', 'b', 'c', 'b', 'd', 'b', 'b', 'c', 'd', 'b', 'e', 'd', 'd')",27400
9,spec_1.dot,12.1,"('b', 'c', 'b', 'c', 'e', 'd', 'a', 'd', 'c', 'd', 'c')",35,23,22877,2.53,"('c', 'a', 'd', 'c', 'c', 'c', 'd', 'b', 'a', 'd', 'c', 'd', 'b', 'c', 'b', 'c', 'b', 'e', 'd', 'd', 'e', 'b', 'b', 'c', 'e', 'e', 'd', 'b', 'e', 'c', 'e', 'a', 'c', 'a', 'a', 'b', 'c', 'a', 'b', 'e', 'b', 'a', 'a', 'b', 'b', 'b', 'c', 'b', 'b', 'b', 'd', 'b', 'd', 'b')",7200
9,spec_3.dot,12.1,"('a', 'c', 'a', 'a', 'c', 'e', 'e', 'a', 'c', 'c')",20,13,11134,8.53,"('e', 'e', 'e', 'a', 'a', 'c', 'd', 'c', 'c', 'd', 'd', 'c', 'b', 'd', 'b', 'e', 'b', 'b', 'c', 'c', 'd', 'b', 'e', 'b', 'c', 'd', 'd', 'c', 'c', 'b', 'c', 'a', 'b', 'b', 'a', 'b', 'b', 'e', 'c', 'e', 'a', 'b', 'a', 'd', 'e', 'a', 'b', 'd', 'b', 'd', 'a', 'a', 'b', 'a', 'c', 'c', 'e', 'd', 'c', 'a', 'c', 'c', 'c', 'e', 'a', 'c', 'd', 'c', 'c', 'a', 'b', 'd', 'c', 'e', 'd', 'c', 'c', 'e', 'a', 'c', 'a', 'c', 'b', 'e', 'a', 'b', 'd', 'd', 'c', 'd', 'd')",24000
9,spec_2.dot,13.5,"('b', 'b', 'd', 'd', 'e', 'd', 'd', 'c', 'd', 'c')",20,12,11519,6.53,"('c', 'b', 'd', 'c', 'e', 'a', 'b', 'c', 'e', 'c', 'e', 'e', 'b', 'd', 'b', 'b', 'e', 'c', 'b', 'b', 'a', 'e', 'b', 'c', 'd', 'b', 'c', 'a', 'b', 'a', 'd', 'b', 'e', 'e', 'e', 'c', 'e', 'b', 'b', 'd', 'd', 'c', 'd', 'c', 'c', 'a')",18400
2,spec_5.dot,1.11e+02,"('a', 'a', 'a', 'b', 'd', 'e', 'd', 'e', 'd', 'a', 'd', 'e', 'e', 'e')",36,3,51294,0.381,"('e', 'c', 'c', 'b', 'b', 'e', 'a', 'c', 'c', 'd', 'c', 'c', 'a', 'e', 'e', 'e', 'e', 'd', 'b', 'a', 'b', 'a', 'e', 'c', 'c', 'd', 'c', 'd', 'e', 'e', 'c', 'a', 'b', 'a', 'd', 'd', 'c', 'e', 'b', 'e', 'b', 'e', 'c', 'b', 'a')",1000
2,spec_4.dot,32.6,"('d', 'c', 'e', 'd', 'c', 'a', 'a', 'b', 'e', 'b')",39,2,58160,1.97,"('a', 'a', 'a', 'd', 'a', 'c', 'd', 'c', 'd', 'c', 'c', 'd', 'd', 'b', 'e', 'd', 'd', 'e', 'c', 'd', 'a', 'd', 'a', 'a', 'e', 'a', 'e', 'b', 'c', 'c', 'd', 'a', 'd', 'e', 'd', 'd', 'd', 'd', 'b', 'e', 'd', 'b', 'e', 'd', 'e', 'a', 'b', 'e', 'd', 'b', 'd', 'b', 'b', 'c', 'a', 'b', 'b', 'd', 'e', 'b', 'd', 'b', 'c', 'b', 'd', 'e', 'b', 'd', 'c', 'd', 'e', 'a', 'e', 'c', 'b', 'd', 'c', 'e', 'b', 'e', 'b', 'a', 'd', 'd', 'b', 'b', 'b', 'a', 'd', 'a', 'e', 'b', 'e', 'a', 'b', 'b', 'd', 'b', 'd', 'e', 'c', 'c', 'b', 'e', 'e', 'b', 'c', 'c', 'b', 'b', 'e', 'e', 'd', 'c', 'b', 'a', 'c', 'd', 'a', 'c', 'b', 'a', 'a', 'a', 'e', 'c', 'e', 'e', 'd', 'a', 'a', 'e', 'c', 'c', 'e', 'a', 'd', 'e', 'c', 'a', 'e', 'e', 'a', 'c', 'b', 'a', 'a', 'c', 'c')",5000
2,spec_1.dot,8.26,"('d', 'c', 'b', 'c', 'c', 'e', 'b', 'c', 'a', 'c', 'c')",23,1,15659,1.85,"('b', 'e', 'a', 'a', 'd', 'b', 'd', 'a', 'c', 'd', 'b', 'b', 'e', 'd', 'e', 'e', 'd', 'c', 'a', 'e', 'b', 'b', 'b', 'b', 'a', 'd', 'c', 'd', 'e', 'a', 'b', 'd', 'e', 'b', 'd', 'b', 'c', 'b', 'c', 'e', 'b', 'd', 'c', 'c', 'b', 'd')",4600
2,spec_3.dot,6.68,"('c', 'a', 'd', 'a', 'd', 'a', 'a', 'c', 'b', 'e', 'a', 'c', 'e')",28,1,20356,4.11,"('c', 'a', 'd', 'b', 'd', 'a', 'e', 'e', 'b', 'd', 'b', 'b', 'c', 'e', 'e', 'a', 'd', 'd', 'b', 'd', 'c', 'b', 'b', 'd', 'c', 'e', 'd', 'a', 'd', 'e', 'a', 'd', 'e', 'c', 'a', 'c', 'b', 'e', 'a', 'e', 'a', 'a', 'd', 'd', 'd', 'a', 'c', 'c', 'c', 'a', 'd', 'e', 'a', 'c', 'e', 'a', 'd', 'c', 'c', 'a', 'b', 'e', 'c', 'd', 'e', 'b', 'e', 'e', 'a', 'c', 'd', 'a', 'c', 'c', 'a', 'c', 'd', 'b', 'e', 'a', 'd', 'a', 'a', 'c', 'a', 'd', 'c', 'd', 'b', 'a', 'd', 'c', 'c', 'b', 'e', 'c', 'd', 'd', 'c', 'b', 'c', 'd', 'c', 'b', 'e', 'c', 'b', 'e', 'a', 'd', 'a', 'a', 'e', 'a', 'b', 'c', 'c', 'a', 'd', 'c', 'd', 'd', 'c', 'd', 'a', 'd', 'a', 'c', 'a', 'a', 'a', 'e', 'd', 'a', 'c', 'a', 'a', 'd', 'c', 'c', 'e', 'a', 'e', 'e', 'c', 'd', 'b', 'd', 'c', 'b', 'e', 'c', 'b', 'd', 'a', 'c', 'd', 'e', 'b', 'c')",10000
2,spec_2.dot,14.2,"('c', 'b', 'd', 'e', 'b', 'e', 'b', 'd', 'e')",24,1,19182,2.6,"('d', 'e', 'a', 'b', 'c', 'a', 'c', 'a', 'e', 'c', 'b', 'a', 'e', 'e', 'd', 'b', 'b', 'e', 'd', 'c', 'b', 'c', 'c', 'a', 'd', 'c', 'b', 'b', 'e', 'a', 'c', 'a', 'e', 'c', 'a', 'a', 'a', 'e', 'e', 'a', 'e', 'b', 'e', 'c', 'd')",6400
11,spec_5.dot,6.23,"('b', 'e', 'd', 'b', 'd', 'a', 'a', 'b', 'c', 'a', 'e', 'd')",23,2,20454,5.52,"('c', 'c', 'c', 'c', 'a', 'c', 'b', 'c', 'c', 'a', 'e', 'a', 'c', 'c', 'b', 'b', 'e', 'd', 'd', 'c', 'c', 'b', 'd', 'a', 'c', 'e', 'c', 'e', 'c', 'b', 'd', 'e', 'b', 'a', 'c', 'd', 'd', 'a', 'b', 'c', 'd', 'b', 'b', 'd', 'd', 'e', 'c', 'a', 'c', 'c', 'a', 'd', 'a', 'c', 'a', 'e', 'b', 'e', 'd', 'a', 'c', 'c', 'c', 'd', 'c')",15800
11,spec_4.dot,13.7,NAN,14,1,38031,5.2,"('a', 'b', 'c', 'b', 'e', 'b', 'b', 'b', 'a', 'c', 'c', 'e', 'c', 'c', 'e', 'b', 'c', 'd', 'a', 'e', 'e', 'd', 'd', 'c', 'c', 'b', 'd', 'b', 'a', 'b', 'd', 'd', 'd', 'b', 'd', 'b', 'e', 'd', 'c', 'c', 'e', 'd', 'e', 'a', 'b', 'b', 'd', 'b', 'e', 'b', 'a', 'e', 'a', 'e', 'b', 'a', 'c', 'd', 'e', 'c', 'd', 'a', 'a', 'a', 'b', 'a', 'e', 'a', 'a', 'c', 'd', 'b', 'c', 'e', 'c', 'd', 'a', 'a', 'd', 'c', 'c', 'd', 'c', 'c', 'e', 'a', 'd', 'e', 'c', 'e', 'a', 'e', 'b', 'd', 'a', 'b', 'c', 'a', 'a', 'c', 'e', 'd', 'e', 'e', 'd', 'd', 'a', 'a', 'a', 'c', 'c', 'e', 'e', 'e', 'b', 'e', 'e', 'a', 'c', 'e', 'c', 'a', 'c', 'd', 'd', 'b', 'e', 'd', 'c', 'a', 'e', 'd', 'e', 'b', 'a', 'd', 'e', 'b', 'b', 'c', 'c', 'a', 'c', 'a', 'd', 'b', 'b', 'd', 'd', 'b', 'a', 'b', 'b', 'a', 'c', 'd', 'a', 'b', 'd', 'e', 'b', 'b', 'd', 'd', 'c', 'c', 'b', 'b', 'e', 'd', 'b', 'e', 'b', 'b', 'd', 'e', 'a', 'a', 'e', 'a', 'b', 'c', 'e', 'b', 'a', 'c', 'c', 'e', 'd', 'a', 'c', 'b', 'd', 'd', 'a', 'e', 'a', 'c', 'e', 'e', 'd', 'a', 'e', 'd', 'd', 'd', 'e', 'c', 'd', 'c', 'e', 'c', 'c', 'a', 'd', 'b', 'd', 'a', 'e', 'b', 'c', 'a', 'd', 'c', 'e', 'b', 'c', 'e', 'd', 'b', 'b', 'e', 'b', 'b', 'b', 'e', 'c', 'c', 'e', 'b', 'b', 'd', 'b', 'e', 'e', 'd', 'd', 'e', 'b', 'd', 'd', 'c', 'd', 'c', 'c', 'b', 'c', 'd', 'e', 'a', 'b', 'a', 'b', 'e', 'a', 'e', 'd', 'a', 'a', 'a', 'd', 'd', 'd', 'c', 'd', 'e', 'c', 'e', 'e', 'e', 'a', 'a', 'e', 'a', 'b', 'c', 'a', 'a', 'c', 'd', 'a', 'd', 'b', 'd')",14200
11,spec_1.dot,5.37,"('e', 'a', 'd', 'a', 'c', 'c', 'd', 'c')",20,1,14006,7.87,"('d', 'b', 'b', 'e', 'd', 'c', 'b', 'd', 'e', 'e', 'e', 'b', 'b', 'd', 'c', 'e', 'c', 'b', 'e', 'a', 'e', 'a', 'c', 'c', 'c', 'e', 'e', 'c', 'c', 'd', 'c', 'e', 'b', 'e', 'd', 'd', 'b', 'd', 'c', 'c', 'e', 'b', 'd', 'e', 'd', 'e', 'e', 'b', 'b', 'c', 'b', 'd', 'c', 'b', 'c', 'c', 'c', 'b', 'b', 'b', 'e', 'e', 'b', 'e', 'e', 'b', 'a', 'b', 'a', 'b', 'c', 'e', 'c', 'b', 'd', 'b', 'a', 'e', 'e', 'a', 'a', 'e', 'c', 'd', 'd', 'a', 'c', 'd', 'd', 'e', 'b', 'b', 'd', 'b', 'd', 'c', 'b', 'd', 'c', 'd', 'b', 'e', 'e', 'd', 'b', 'e', 'a', 'a', 'a', 'c', 'b', 'b', 'e', 'b', 'd', 'a', 'e', 'a', 'a', 'c', 'c', 'e', 'd', 'a', 'b', 'e', 'a', 'd', 'b', 'd', 'd', 'b', 'd', 'a', 'b', 'a', 'd', 'e', 'e', 'a', 'e', 'a', 'a', 'e', 'b', 'a', 'b', 'a', 'c', 'c', 'e', 'e', 'b', 'c', 'a', 'a', 'e', 'd', 'd', 'd', 'd', 'e', 'a', 'a', 'a', 'a', 'c', 'a', 'a', 'a', 'e', 'a', 'e', 'd', 'c', 'd', 'd', 'b', 'c', 'c', 'd', 'd', 'c', 'a', 'a', 'e', 'e', 'a')",22400
11,spec_3.dot,2.33,"('d', 'd', 'c', 'b', 'a', 'e', 'c')",19,1,9103,7.55,"('e', 'a', 'e', 'e', 'b', 'a', 'd', 'b', 'c', 'e', 'd', 'd')",21400
11,spec_2.dot,7.57,"('e', 'a', 'e', 'e', 'd', 'b')",17,1,20688,4.5,"('e', 'a', 'e', 'e', 'd', 'b')",12800
3,spec_5.dot,8.31,NAN,9,3,28706,35.4,NAN,120000
3,spec_4.dot,8.64,NAN,9,3,28702,35.4,NAN,120000
3,spec_1.dot,9.18,NAN,9,3,28720,38.1,NAN,120000
3,spec_3.dot,9.25,NAN,9,3,28846,38.2,NAN,120000
3,spec_2.dot,9.49,NAN,9,3,28759,39.4,NAN,120000
5,spec_5.dot,5.22,"('c', 'a', 'd', 'e', 'e')",37,2,23429,0.0698,"('b', 'a', 'a', 'e', 'b', 'b', 'a', 'd', 'b', 'b', 'e', 'e')",200
5,spec_4.dot,0.722,"('c', 'e', 'a', 'b', 'e')",12,1,2655,0.0798,"('d', 'e', 'a', 'd', 'c', 'b', 'd', 'b', 'c', 'a', 'b', 'c', 'a', 'd', 'c', 'e', 'a', 'e', 'b', 'b', 'a', 'b', 'a', 'c', 'a', 'a', 'd', 'b', 'b', 'd', 'd', 'c', 'c', 'e', 'b', 'd', 'c', 'b', 'e', 'a', 'b', 'a', 'd', 'e', 'b', 'c', 'd', 'c', 'b', 'd', 'c', 'd', 'e', 'c', 'd', 'b', 'a', 'e', 'c', 'a', 'd', 'e', 'e')",200
5,spec_1.dot,3.67,"('c', 'e', 'a', 'b', 'e')",31,3,16826,0.077,"('c', 'b', 'b', 'e', 'd', 'a', 'c', 'e', 'e', 'd', 'c', 'e', 'b', 'a', 'd', 'd', 'd', 'a', 'e', 'd', 'd', 'a', 'e', 'a', 'b', 'a', 'a', 'e', 'd', 'a', 'b', 'b', 'b', 'e', 'c', 'd', 'b', 'd', 'a', 'b', 'a', 'e', 'e', 'a', 'e', 'c', 'c', 'a', 'e', 'a', 'a', 'b', 'b', 'c', 'c', 'c', 'b', 'd', 'c', 'b', 'e', 'c', 'e', 'e', 'b', 'e', 'd', 'a', 'e', 'd', 'c', 'c', 'a', 'd', 'a', 'b', 'a', 'a', 'c', 'b', 'd', 'a', 'a', 'e', 'd', 'c', 'b', 'c', 'c', 'e', 'b', 'e', 'a', 'd', 'd', 'd', 'c', 'd', 'c', 'd', 'a', 'b', 'd', 'c', 'a', 'a', 'd', 'd', 'b', 'd', 'b', 'a', 'e', 'a', 'd', 'a', 'c', 'e', 'a', 'a', 'a', 'd', 'a', 'e', 'c', 'b', 'b', 'a', 'c', 'e', 'a', 'c', 'a', 'b', 'a', 'd', 'b', 'b', 'c', 'c', 'e', 'b', 'a', 'a', 'e', 'b', 'a', 'c', 'b', 'c', 'e', 'e')",200
5,spec_3.dot,1.63,"('c', 'e', 'a', 'b', 'e')",19,2,6240,0.082,"('a', 'd', 'd', 'c', 'd', 'b', 'a', 'd', 'a', 'd', 'a', 'c', 'd', 'e', 'c', 'd', 'd', 'e', 'a', 'e', 'a', 'b', 'a', 'e', 'd', 'c', 'b', 'd', 'a', 'a', 'd', 'b', 'c', 'a', 'a', 'c', 'd', 'c', 'b', 'a', 'd', 'd', 'b', 'd', 'c', 'c', 'd', 'a', 'd', 'c', 'c', 'd', 'a', 'd', 'b', 'e', 'e', 'a', 'c', 'd', 'b', 'b', 'd', 'd', 'b', 'c', 'b', 'a', 'd', 'a', 'd', 'd', 'c', 'b', 'c', 'b', 'd', 'a', 'd', 'e', 'e', 'b', 'd', 'e', 'a', 'b', 'a', 'c', 'a', 'c', 'a', 'a', 'e', 'a', 'e', 'e', 'c', 'b', 'e', 'd', 'c', 'd', 'd', 'e', 'a', 'c', 'd', 'd', 'e', 'a', 'e', 'c', 'e', 'e', 'c', 'a', 'b', 'b', 'c', 'b', 'a', 'e', 'e', 'c', 'e', 'e', 'c', 'c', 'b', 'e', 'e', 'd', 'c', 'd', 'c', 'c', 'e', 'd', 'c', 'c', 'a', 'a', 'c', 'd', 'd', 'a', 'c', 'c', 'e', 'd', 'e', 'c', 'a', 'c', 'c', 'c', 'd', 'e', 'a', 'b', 'd', 'b', 'd', 'b', 'b', 'd', 'c', 'b', 'd', 'b', 'c', 'b', 'a', 'b', 'd', 'b', 'b', 'c', 'a', 'b', 'b', 'd', 'e', 'c', 'a', 'b', 'b', 'e', 'c', 'd', 'd', 'c', 'a', 'a', 'e', 'b', 'd', 'a', 'b', 'a', 'e', 'e', 'e', 'e', 'e', 'b', 'a', 'd', 'e', 'b', 'd', 'e', 'b', 'e', 'c', 'd', 'd', 'd', 'e', 'e', 'c', 'd', 'e', 'e', 'a', 'c', 'd', 'e', 'b', 'c', 'b', 'c', 'a', 'd', 'd', 'a', 'e', 'a', 'b', 'd', 'c', 'e', 'c', 'd', 'e', 'b', 'd', 'c', 'a', 'a', 'e', 'c', 'b', 'c', 'e', 'e', 'd', 'b', 'b', 'c', 'a', 'e', 'a', 'c', 'a', 'a', 'd', 'c', 'b', 'd', 'c', 'a', 'c', 'a', 'c', 'd', 'b', 'e', 'e', 'b', 'a', 'b', 'e', 'c', 'c', 'd', 'b', 'e', 'c')",200
5,spec_2.dot,1.47,"('c', 'e', 'a', 'b', 'e')",21,2,6784,0.082,"('e', 'c', 'd', 'b', 'a', 'a', 'b', 'd', 'a', 'd', 'a', 'b', 'd', 'a', 'c', 'e', 'd', 'e', 'd', 'e', 'b', 'd', 'c', 'a', 'd', 'e', 'd', 'c', 'b', 'e', 'e', 'a', 'b', 'b', 'c', 'c', 'e', 'a', 'd', 'c', 'c', 'a', 'c', 'b', 'a', 'e', 'c', 'c', 'd', 'd', 'c', 'b', 'b', 'a', 'a', 'd', 'e', 'e', 'a', 'c', 'b', 'b', 'c', 'e', 'b', 'e', 'b', 'a', 'd', 'b', 'd', 'c', 'c', 'e', 'b', 'b', 'b', 'a', 'b', 'c', 'b', 'e', 'b', 'd', 'd', 'a', 'b', 'a', 'b', 'c', 'e', 'b', 'c', 'b', 'b', 'd', 'b', 'e', 'c')",200
14,spec_5.dot,8.06,"('d', 'c', 'e', 'a', 'e', 'b')",22,4,20273,1.51,"('a', 'c', 'a', 'd', 'e', 'c', 'c', 'a', 'c', 'd', 'a', 'b', 'e', 'a', 'c', 'd', 'a', 'b', 'b', 'e', 'd', 'a', 'c', 'c', 'a', 'a', 'e', 'a', 'b', 'a', 'e', 'c', 'a', 'b', 'c', 'b', 'd', 'c', 'c', 'a', 'c', 'd', 'b', 'a', 'c', 'b', 'b', 'b', 'b', 'e', 'd', 'e', 'd', 'c', 'c', 'd', 'd', 'd', 'c', 'c', 'a', 'b', 'c', 'e', 'c', 'b', 'd', 'c', 'a', 'a', 'a', 'e', 'a', 'c', 'e', 'b', 'b', 'd', 'c', 'e', 'c', 'c', 'b', 'a', 'e', 'c', 'b', 'c', 'b', 'e', 'c', 'c', 'c', 'e', 'e', 'a', 'b', 'a', 'e', 'e', 'd', 'd', 'c', 'b', 'e', 'b', 'd', 'c', 'b', 'd', 'd', 'b', 'b', 'a', 'd', 'c', 'c', 'b', 'd', 'c', 'e', 'b', 'a', 'c', 'd', 'c', 'b', 'b', 'e', 'b')",4000
14,spec_4.dot,29.8,"('a', 'b', 'b', 'c', 'b', 'e', 'e', 'c', 'd', 'b')",30,4,29176,0.355,"('c', 'a', 'e', 'e', 'e', 'b', 'e', 'a', 'c', 'c', 'd', 'd', 'a', 'e', 'e', 'a', 'c', 'd', 'e', 'c', 'c', 'e', 'd', 'b', 'b', 'd', 'd', 'e', 'c', 'e', 'd', 'd', 'c', 'd', 'e', 'a', 'a', 'd', 'd', 'b', 'c', 'e', 'd', 'd', 'e', 'b', 'd', 'b', 'd', 'a', 'e', 'b', 'a', 'd', 'b', 'd', 'd', 'a', 'c', 'c', 'e', 'e', 'b', 'e', 'd', 'b', 'b', 'a', 'd', 'a', 'c', 'b', 'e', 'a', 'd', 'b', 'a', 'b', 'd', 'e', 'b', 'e', 'd', 'b', 'c', 'e', 'b', 'e', 'e', 'a', 'e', 'c', 'c', 'e', 'e', 'c', 'd')",1000
14,spec_1.dot,30.7,"('a', 'b', 'c', 'e', 'e', 'a', 'd', 'b', 'e', 'e', 'c', 'e', 'd')",39,3,38569,5.06,"('d', 'd', 'e', 'a', 'b', 'b', 'c', 'e', 'a', 'b', 'a', 'e', 'a', 'e', 'b', 'e', 'a', 'c', 'a', 'b', 'e', 'd', 'b', 'e', 'a', 'e', 'd', 'b', 'e', 'c', 'a', 'd', 'e', 'a', 'c', 'a', 'e', 'b')",13800
14,spec_3.dot,19.6,"('b', 'e', 'c', 'a', 'd', 'e', 'e', 'b', 'c', 'c')",40,3,40729,2.07,"('b', 'c', 'd', 'd', 'e', 'c', 'a', 'b', 'c', 'e', 'e', 'b', 'c', 'b', 'a', 'b', 'a', 'b', 'e', 'a', 'b', 'e', 'c', 'c', 'a', 'e', 'c', 'b', 'a', 'd', 'a', 'e', 'a', 'd', 'e', 'b', 'c', 'a', 'e', 'd', 'c', 'e', 'd', 'd', 'c', 'e', 'b', 'b', 'a', 'c', 'd', 'e', 'a', 'd', 'c', 'e', 'a', 'c', 'b', 'd', 'd', 'c', 'd', 'd', 'a', 'd', 'd', 'b', 'd', 'a', 'e', 'e', 'a', 'c', 'a', 'c', 'b', 'c', 'a', 'd', 'e', 'e', 'b', 'd', 'a', 'e', 'd', 'e', 'b', 'e', 'e', 'a', 'd', 'd', 'b', 'a', 'a', 'e', 'd', 'd', 'e', 'b', 'd', 'b', 'b', 'b', 'b', 'c', 'd', 'c', 'c', 'd', 'b', 'b', 'd', 'a', 'b', 'b', 'b', 'b', 'c', 'e', 'b', 'd', 'b', 'c', 'c', 'd', 'a', 'c', 'c', 'c', 'a', 'b', 'd', 'a', 'e', 'c', 'b', 'e', 'a', 'c', 'd', 'd', 'd', 'a', 'b', 'd', 'b', 'b', 'c', 'b', 'b', 'a', 'b', 'b', 'c', 'd', 'd', 'a', 'd', 'd', 'd', 'a', 'c', 'a', 'c', 'a', 'c', 'a', 'e', 'a', 'd', 'c', 'd', 'b', 'e', 'a', 'c', 'd', 'd', 'c', 'c', 'd', 'd', 'b', 'd', 'c', 'b', 'e', 'a', 'd', 'e', 'a', 'b', 'c', 'd', 'a', 'b', 'd', 'b', 'c', 'd', 'e', 'e', 'd', 'c', 'c', 'a', 'e', 'b', 'c', 'd', 'a', 'c', 'e', 'a', 'b', 'a', 'a', 'a', 'd', 'e', 'a', 'd', 'e', 'd', 'c', 'c', 'e', 'c', 'c', 'd', 'e', 'c', 'd', 'b', 'e', 'b', 'b', 'c', 'e', 'e', 'e', 'e', 'b', 'e', 'd', 'b', 'a', 'e', 'e', 'b', 'b', 'a', 'c', 'c', 'e', 'e', 'c', 'd', 'e', 'c', 'd')",5800
14,spec_2.dot,5.1,"('b', 'b', 'a', 'e', 'b', 'b', 'e', 'c', 'c', 'b')",19,4,11974,3.59,"('d', 'c', 'e', 'a', 'e', 'b', 'd', 'a', 'c', 'c', 'e', 'b', 'e', 'c', 'd', 'd', 'e', 'b', 'b', 'b', 'e', 'e', 'e', 'c', 'e', 'b', 'b')",10000
21,spec_5.dot,6.54,"('c', 'b', 'a', 'a', 'b', 'a', 'e', 'a', 'b', 'a', 'c')",23,10,7752,0.308,"('b', 'a', 'e', 'e', 'd', 'b', 'd', 'a', 'd', 'd', 'd', 'e', 'd', 'c', 'c', 'a', 'e', 'e', 'b', 'b', 'c', 'd', 'e', 'b', 'a', 'c', 'a', 'a', 'a', 'e', 'e', 'a', 'd', 'b', 'a', 'a', 'c', 'a', 'd', 'c', 'a', 'e', 'e', 'c', 'e', 'b', 'e', 'e', 'c', 'e', 'd', 'c', 'b', 'c', 'e', 'e', 'c', 'b', 'c', 'c', 'b', 'd', 'b', 'd', 'e', 'b', 'e', 'e', 'b', 'a', 'a', 'a', 'b', 'a', 'e', 'c', 'c', 'e', 'd', 'b', 'a', 'c', 'a', 'd', 'b', 'a', 'e', 'c', 'c', 'b', 'e', 'e')",800
21,spec_4.dot,61.3,"('a', 'b', 'a', 'a', 'a', 'b', 'a', 'e', 'a', 'a')",38,14,29858,3.68,"('a', 'b', 'b', 'e', 'b', 'e', 'a', 'd', 'a', 'c', 'b', 'd', 'c', 'a', 'a', 'd', 'c', 'a', 'e', 'c', 'a', 'c', 'c', 'd', 'd', 'b', 'a', 'c', 'b', 'c', 'b', 'e', 'e', 'c', 'b', 'c', 'd', 'a', 'b', 'a', 'c', 'a', 'd', 'c', 'a', 'e', 'e', 'c', 'd', 'c', 'd', 'a', 'e', 'b', 'a', 'a', 'd', 'a', 'b', 'd', 'c', 'c')",9000
21,spec_1.dot,4.19,"('e', 'd', 'd', 'd', 'e', 'e', 'c', 'd', 'b', 'd', 'a', 'a', 'c')",36,20,18847,1.92,"('e', 'a', 'c', 'c', 'e', 'a', 'a', 'e', 'd', 'c', 'd', 'c', 'd', 'a', 'c', 'b', 'a', 'a', 'e', 'a', 'd', 'c', 'c', 'e', 'c', 'e', 'c', 'd', 'a', 'b', 'a', 'a', 'b', 'c', 'd', 'e', 'c', 'd', 'd', 'e', 'e', 'b', 'e', 'a', 'c', 'c', 'a', 'a', 'e', 'a', 'e', 'e', 'c', 'c', 'c', 'b', 'd', 'd')",4600
21,spec_3.dot,82.7,"('b', 'd', 'd', 'd', 'e', 'e', 'b', 'c', 'a', 'c', 'd')",27,16,22669,1.15,"('e', 'e', 'e', 'b', 'd', 'a', 'c', 'a', 'a', 'e', 'b', 'd', 'b', 'b', 'd', 'e', 'e', 'c', 'a', 'c', 'c', 'b', 'd', 'e', 'a', 'a', 'c', 'e', 'd', 'd', 'c', 'c', 'c', 'c', 'a', 'c', 'b', 'd', 'e', 'a', 'd', 'e', 'a', 'e', 'b', 'b', 'b', 'b', 'b', 'b', 'a', 'e', 'd', 'c', 'b', 'c', 'd', 'c', 'a', 'a', 'd', 'b', 'e', 'a', 'e', 'd', 'c', 'b', 'c', 'c', 'b', 'd', 'b', 'c', 'c', 'b', 'c', 'b', 'e', 'e', 'c', 'b', 'c', 'b', 'e', 'b', 'a', 'a', 'b', 'c', 'b', 'a', 'b', 'a', 'd', 'd', 'd', 'd', 'c', 'b', 'e', 'b', 'a', 'd', 'd', 'c', 'd', 'c', 'e', 'd', 'a', 'd', 'b', 'd', 'c', 'b', 'd', 'a', 'c', 'b', 'd', 'c', 'e', 'c', 'b', 'b', 'b', 'b', 'd', 'b', 'd', 'c', 'd', 'b', 'b', 'e', 'c', 'a', 'd', 'a', 'b', 'd', 'c', 'e', 'e', 'e', 'a', 'd', 'd', 'c', 'a', 'c', 'd', 'a', 'd', 'd', 'b', 'c', 'b', 'c', 'd', 'b', 'c', 'a', 'd', 'e', 'e', 'e', 'c', 'e', 'e', 'a', 'd', 'c', 'e', 'b', 'e')",2800
21,spec_2.dot,57.1,"('a', 'b', 'b', 'a', 'c', 'b', 'c', 'a', 'd', 'b', 'e')",25,15,28144,3.57,"('e', 'a', 'e', 'a', 'a', 'd', 'c', 'e', 'd', 'd', 'c', 'd', 'e', 'a', 'd', 'e', 'd', 'c', 'd', 'b', 'c', 'a', 'd', 'b', 'a', 'a', 'a', 'd', 'a', 'd', 'c', 'b', 'c', 'e', 'd', 'd', 'e', 'c', 'a', 'd', 'a', 'c', 'b', 'b', 'b', 'a', 'c', 'c', 'b', 'b', 'b', 'e', 'b', 'd', 'd', 'e', 'd', 'a', 'a', 'd', 'b', 'e', 'd', 'a', 'c', 'a', 'c', 'a', 'a', 'c', 'd', 'b', 'e', 'e')",8800
19,spec_5.dot,35.0,"('d', 'a', 'd', 'a', 'e', 'b', 'b', 'd', 'e', 'c', 'c', 'a')",51,32,46198,1.34,"('c', 'c', 'c', 'd', 'd', 'd', 'a', 'e', 'd', 'd', 'e', 'b', 'b', 'd', 'd', 'a', 'c', 'b', 'e', 'a', 'd', 'a', 'b', 'd', 'd', 'c', 'b', 'a', 'b', 'd', 'a', 'a', 'e', 'd', 'b', 'd', 'a', 'd', 'e', 'b', 'a', 'a', 'b', 'b', 'e', 'a', 'e', 'c', 'd', 'a', 'e', 'b', 'c', 'b', 'b', 'a', 'a', 'e', 'b', 'e', 'b', 'a', 'c', 'b', 'a', 'e', 'e', 'd', 'a', 'd', 'e', 'e', 'a', 'd', 'd', 'e', 'c', 'a', 'd', 'c', 'e', 'd', 'b', 'd', 'c', 'c', 'd', 'c', 'a', 'd', 'a', 'd', 'a', 'd', 'e', 'a', 'b', 'a', 'b', 'd', 'd', 'a', 'e', 'e', 'b', 'e', 'c', 'c', 'c', 'a', 'd', 'c', 'c', 'd', 'a', 'c', 'e', 'a', 'b', 'a', 'd', 'b', 'e', 'e', 'c', 'b', 'a', 'd', 'b', 'b', 'c', 'b', 'e', 'd', 'b', 'a', 'd', 'd', 'e', 'a', 'a', 'e', 'a', 'a', 'c', 'b', 'c', 'd', 'e', 'b', 'd', 'a', 'e', 'a', 'd', 'e', 'd', 'c', 'c', 'c', 'a', 'c', 'b', 'd', 'b', 'c', 'd', 'd', 'b', 'd', 'b', 'a', 'c', 'b', 'e', 'd', 'c', 'a', 'c', 'd', 'b', 'e', 'c', 'b', 'e', 'c', 'a', 'd', 'e', 'b', 'e', 'e', 'a', 'a', 'e', 'e', 'a', 'c', 'a', 'b', 'b', 'd', 'e', 'e', 'd', 'a', 'e', 'a', 'c', 'd', 'd', 'a', 'e', 'b', 'e', 'a', 'a', 'e', 'd', 'd', 'b', 'b', 'b', 'e', 'a', 'd', 'e', 'c', 'c', 'a', 'c', 'a', 'd', 'e', 'e', 'a', 'c', 'd', 'd', 'e', 'c', 'a', 'b', 'c', 'd', 'd', 'e', 'd', 'a', 'e', 'd', 'e', 'a', 'c', 'b', 'c', 'a', 'e', 'd', 'e', 'e', 'a', 'c', 'a', 'a', 'e', 'e', 'c', 'e', 'b', 'b', 'e', 'd', 'c', 'c', 'e', 'a', 'c', 'a', 'c', 'a', 'b', 'a', 'a', 'b', 'a', 'a', 'b', 'b', 'a', 'b', 'a', 'e', 'c', 'a', 'd', 'd', 'c', 'd', 'c', 'a', 'b', 'd', 'b', 'e', 'd', 'e', 'c', 'b', 'a', 'a', 'b', 'c', 'b', 'e', 'd', 'a', 'e', 'e', 'b', 'a', 'b', 'b')",2600
19,spec_4.dot,13.3,"('a', 'e', 'a', 'a', 'b', 'a', 'e', 'c', 'a', 'd', 'e', 'b')",29,17,17979,1.1,"('e', 'd', 'd', 'e', 'b', 'c', 'd', 'a', 'd', 'b', 'd', 'd', 'b', 'e', 'e', 'a', 'a', 'b', 'a', 'e', 'c', 'a', 'd', 'c', 'd', 'd', 'd', 'e', 'a', 'd', 'd', 'e', 'b', 'b', 'd', 'c', 'd')",2000
19,spec_1.dot,9.56,"('b', 'c', 'b', 'a', 'd', 'b', 'd', 'd', 'e', 'b', 'b', 'e', 'd', 'a', 'b', 'b')",34,21,18323,1.8,"('d', 'e', 'e', 'b', 'd', 'c', 'e', 'd', 'b', 'd', 'e', 'e', 'd', 'c', 'e', 'e', 'b', 'e', 'e', 'd', 'b', 'd', 'd', 'a', 'e', 'e', 'd', 'a', 'e', 'c', 'a', 'a', 'b', 'd', 'a', 'e', 'a', 'b', 'c', 'c', 'e', 'e', 'a', 'd', 'd', 'b', 'e', 'a', 'a', 'b', 'c', 'c', 'd', 'b', 'b', 'c', 'c', 'a', 'd', 'a', 'c', 'd', 'd', 'e', 'a', 'd', 'e', 'c', 'b', 'd', 'b', 'c', 'a', 'a', 'a', 'b', 'c', 'c', 'd', 'd', 'b', 'e', 'a', 'a', 'd', 'a', 'e', 'a', 'c', 'a', 'c', 'c', 'd', 'a', 'd', 'b', 'd', 'd', 'b', 'e', 'e', 'b', 'e', 'd', 'e', 'c', 'e', 'c', 'b', 'c', 'e', 'e', 'b', 'b', 'a', 'b', 'a', 'c', 'c', 'a', 'c', 'e', 'a', 'd', 'e', 'd', 'd', 'a', 'a', 'e', 'a', 'e', 'a', 'a', 'd', 'e', 'a', 'd', 'c', 'c', 'd', 'c', 'a', 'b', 'a', 'a', 'a', 'e', 'c', 'c', 'b', 'e', 'a', 'a', 'd', 'b', 'a', 'a', 'e', 'c', 'e', 'e', 'a', 'a', 'e', 'a', 'a', 'e', 'a', 'c', 'd', 'd', 'a', 'c', 'b', 'b', 'a', 'e', 'd', 'a', 'e', 'a', 'b', 'b', 'e', 'e', 'd', 'b', 'a', 'e', 'd', 'a', 'e', 'd', 'e', 'b', 'd', 'a', 'b', 'e', 'b', 'c', 'd', 'e', 'a', 'c', 'e', 'd', 'a', 'd', 'b', 'b', 'c', 'e', 'c', 'e', 'a')",3400
19,spec_3.dot,15.8,"('c', 'b', 'a', 'a', 'c', 'a', 'e', 'a', 'a', 'e')",31,17,29912,11.4,"('d', 'd', 'd', 'd', 'c', 'b', 'b', 'b', 'd', 'a', 'a', 'd', 'b', 'c', 'd', 'c', 'e', 'a', 'b', 'e', 'd', 'b', 'e', 'a', 'd', 'c', 'd', 'b', 'd', 'b', 'e', 'e', 'a', 'b', 'e', 'd', 'c', 'b', 'e', 'e', 'e', 'd', 'e', 'e', 'e', 'b', 'b', 'd', 'd', 'a', 'd', 'c', 'a', 'a', 'b', 'a', 'e', 'a', 'b', 'd', 'd', 'a', 'a', 'd', 'c', 'b', 'e', 'e', 'e', 'd', 'a', 'b', 'c', 'e', 'a', 'a', 'b', 'e', 'b', 'c', 'a', 'c', 'e', 'a', 'd', 'd', 'e', 'e', 'd', 'a', 'b', 'd', 'b', 'b', 'b', 'e', 'e', 'c', 'e', 'e', 'a', 'c', 'd', 'c', 'c', 'a', 'b', 'd', 'c', 'd', 'd', 'b', 'd', 'b', 'e', 'b', 'b', 'a', 'a', 'd', 'c', 'a', 'd', 'a')",20800
19,spec_2.dot,9.41,"('a', 'b', 'a', 'e', 'a', 'b', 'b', 'a', 'b', 'b', 'd', 'c', 'd')",32,19,19217,1.38,"('a', 'e', 'e', 'a', 'a', 'c', 'd', 'e', 'c', 'd', 'a', 'c', 'c', 'c', 'e', 'd', 'c', 'a', 'd', 'a', 'a', 'd', 'a', 'e', 'e', 'd', 'e', 'b', 'd', 'd', 'd', 'b', 'c', 'c', 'd', 'e', 'b', 'c', 'd', 'c', 'c', 'd', 'a', 'e', 'a', 'b', 'b', 'd', 'a', 'a', 'e', 'c', 'c', 'c', 'a', 'e', 'e', 'e', 'c', 'b', 'b', 'c', 'a', 'e', 'd', 'a', 'e', 'e', 'b', 'd', 'b', 'e', 'd', 'e', 'c', 'b', 'a', 'd', 'd', 'a')",2400
29,spec_5.dot,37.0,"('b', 'b', 'c', 'a', 'e', 'b', 'd', 'd', 'c', 'b')",25,9,13110,4.41,"('a', 'c', 'e', 'd', 'b', 'e', 'b', 'a', 'e', 'a', 'c', 'b', 'd', 'e', 'a', 'a', 'c', 'e', 'a', 'c', 'b', 'c', 'c', 'a', 'c', 'e', 'b', 'b', 'e', 'a', 'e', 'a', 'c', 'c', 'c', 'c', 'a', 'c', 'd', 'a', 'b', 'c', 'c', 'b', 'd', 'a', 'e', 'b', 'd', 'e', 'd', 'c', 'b', 'a', 'e', 'c', 'e', 'e', 'c', 'b', 'e', 'c', 'c', 'a', 'b', 'b', 'c', 'b', 'c', 'b', 'e', 'd', 'e', 'd', 'a', 'e', 'b', 'a', 'a', 'c', 'd', 'd', 'c', 'a', 'a', 'd', 'd', 'a', 'e', 'b', 'b', 'd', 'a', 'c', 'e', 'b', 'b', 'b', 'b', 'a', 'd', 'a', 'c', 'e', 'c', 'a', 'c', 'a', 'e', 'c', 'e', 'a', 'b', 'c', 'b', 'b', 'd', 'e', 'd', 'd', 'a', 'a', 'a', 'a', 'b', 'b', 'e', 'd', 'c', 'e', 'a', 'b', 'a', 'c', 'c', 'c', 'e', 'a', 'e', 'b', 'b', 'a', 'd', 'b', 'e', 'c', 'd', 'b', 'd', 'a', 'a', 'c', 'c', 'd', 'a', 'b', 'd', 'a', 'e', 'a', 'c', 'b', 'd', 'd', 'd', 'e', 'a', 'a', 'd', 'a', 'a', 'c', 'd', 'a', 'd', 'a', 'c', 'a', 'e', 'b', 'e', 'e', 'b', 'b', 'c', 'd', 'd', 'a', 'c', 'e', 'e', 'a', 'c', 'd', 'c', 'c')",10400
29,spec_4.dot,4.19,"('b', 'c', 'd', 'd', 'a', 'c', 'e', 'a', 'a')",25,8,12889,2.56,"('e', 'a', 'd', 'e', 'd', 'a', 'd', 'e', 'c', 'd', 'd', 'e', 'a', 'd', 'b', 'd', 'c', 'b', 'd', 'e', 'd', 'c', 'd', 'a', 'd', 'a', 'c', 'd', 'a', 'd', 'd', 'a', 'b', 'b', 'b', 'a', 'e', 'b', 'c', 'a', 'd', 'e', 'e', 'c', 'b', 'c', 'c', 'e', 'e', 'c', 'a', 'e', 'a', 'c', 'a', 'e', 'a', 'd', 'd', 'b', 'e', 'c', 'e', 'e', 'b', 'a', 'c', 'c', 'c', 'a', 'b', 'd', 'a', 'c', 'c', 'b', 'b', 'c', 'c', 'b', 'b', 'c', 'c', 'b', 'd', 'a', 'b', 'd', 'c', 'd', 'b', 'a', 'c', 'e', 'd', 'e')",5800
29,spec_1.dot,21.2,"('d', 'd', 'b', 'c', 'a', 'a', 'b', 'b', 'a', 'd', 'e')",28,8,15984,0.0949,"('c', 'd', 'e', 'e', 'b', 'a', 'b', 'e', 'a', 'c', 'c', 'a', 'b', 'd', 'a', 'a', 'c', 'd', 'e', 'a', 'd', 'b', 'e', 'b', 'b', 'c', 'd', 'e', 'c', 'a', 'e', 'c', 'd', 'a', 'e', 'a', 'e', 'c', 'd', 'e', 'd', 'c', 'a', 'c', 'c', 'd', 'b', 'c', 'b', 'a', 'e', 'b', 'd', 'a', 'd', 'b', 'c', 'a', 'e', 'b', 'b', 'b', 'e', 'b', 'd', 'c', 'c', 'e', 'e', 'e', 'b', 'c', 'd', 'd', 'c', 'b', 'c', 'b', 'e', 'd', 'b', 'a', 'b', 'a', 'a', 'b', 'b', 'b', 'a', 'd', 'b', 'b', 'd', 'e', 'a', 'a', 'a', 'e', 'c')",200
29,spec_3.dot,45.4,"('a', 'a', 'd', 'd', 'a', 'd', 'a', 'c', 'e', 'a', 'b', 'c')",29,9,40254,1.52,"('e', 'e', 'b', 'e', 'c', 'a', 'd', 'd', 'd', 'e', 'b', 'd', 'b', 'd', 'a', 'd', 'd', 'd', 'a', 'c', 'a', 'a', 'a', 'e', 'e', 'c', 'c', 'd', 'e', 'c', 'd', 'b', 'e', 'c', 'b', 'e', 'b', 'd', 'b', 'a', 'b', 'b', 'c', 'a', 'e', 'b', 'a', 'b', 'a', 'a', 'e', 'c', 'c', 'c', 'd', 'e', 'b', 'b', 'e', 'e', 'a', 'd', 'c', 'e', 'b', 'e', 'd', 'a', 'c', 'e', 'a', 'c', 'e', 'c', 'a', 'b', 'd', 'b', 'e', 'c', 'a', 'b', 'c', 'a', 'b', 'd', 'b', 'a', 'b', 'c', 'a', 'c', 'b', 'd', 'd', 'b', 'c', 'a', 'a', 'b', 'd', 'd', 'a', 'a', 'd', 'b', 'c', 'a', 'd', 'b', 'd')",3400
29,spec_2.dot,16.9,"('a', 'a', 'c', 'a', 'b', 'd', 'a', 'b', 'd', 'c')",25,8,15050,11.9,"('a', 'c', 'e', 'a', 'b', 'e', 'e', 'e', 'e', 'c', 'c', 'd', 'c', 'c', 'a', 'b', 'e', 'd', 'b', 'd', 'e', 'd', 'b', 'b', 'e', 'd', 'd', 'e', 'a', 'd', 'e', 'b', 'e', 'c', 'b', 'e', 'e', 'd', 'b', 'd', 'c', 'e', 'e', 'd', 'b', 'a', 'c', 'd', 'c', 'a', 'a', 'e', 'c', 'c', 'c', 'c', 'c', 'e', 'e', 'a', 'e', 'e', 'c', 'a', 'c', 'e', 'e', 'e', 'c', 'b', 'a', 'e', 'b', 'e', 'a', 'a', 'd', 'd', 'd', 'a', 'c', 'e', 'a', 'e', 'b', 'd', 'd', 'a', 'c', 'a', 'e', 'b', 'e', 'b', 'e', 'c', 'c', 'd', 'a', 'b', 'd', 'a', 'a', 'e', 'c', 'b', 'd', 'a', 'b', 'd', 'e', 'e', 'a', 'b', 'e', 'e', 'c', 'a', 'e', 'a', 'b', 'a', 'b', 'd', 'b', 'd', 'd', 'a', 'e', 'b', 'e', 'b', 'd', 'd', 'd', 'e', 'a', 'b', 'd', 'a', 'b', 'c', 'd', 'c', 'd', 'b', 'd', 'd', 'd', 'b', 'a', 'b', 'd', 'c', 'd', 'b', 'c', 'a', 'e', 'c', 'd', 'b', 'a', 'a', 'd', 'c', 'c', 'a', 'a', 'd', 'c', 'b', 'c', 'b', 'c', 'a', 'b', 'd', 'b', 'b', 'a', 'e', 'b', 'e', 'e', 'd', 'a', 'b', 'e', 'e', 'd', 'e', 'd', 'e', 'c', 'c', 'c', 'd', 'e', 'e', 'b', 'a', 'e', 'c', 'e', 'd', 'a', 'c', 'c', 'e', 'e', 'e', 'e', 'c', 'a', 'c', 'b', 'b', 'e', 'a', 'd', 'd', 'a', 'b', 'a', 'a', 'e', 'c', 'e', 'c', 'b', 'c', 'c', 'e', 'b', 'd', 'd', 'c', 'b', 'c', 'a', 'b', 'b', 'b', 'd', 'a', 'a', 'e', 'd', 'b', 'e', 'd', 'a', 'b', 'd', 'd', 'b', 'c', 'd', 'b', 'd', 'd', 'b', 'd', 'c', 'e', 'c', 'd', 'b', 'd', 'b', 'd', 'd', 'a', 'd', 'b', 'e', 'e', 'e', 'e', 'b', 'c', 'd', 'd', 'a', 'a', 'b', 'b', 'b', 'e', 'b', 'b', 'c', 'b', 'c', 'b', 'b', 'c', 'c', 'b', 'a', 'c', 'd', 'c', 'c', 'c', 'd', 'd', 'd', 'd', 'e', 'e', 'd', 'd', 'e', 'e', 'd', 'e', 'c', 'b', 'b', 'b', 'a', 'b', 'b', 'a', 'e', 'a', 'e', 'c', 'e', 'b', 'e', 'e', 'b', 'd', 'b', 'e', 'c', 'b', 'b', 'c', 'c', 'd', 'c', 'c', 'a', 'e', 'd', 'c', 'b', 'c', 'c', 'a', 'a', 'a', 'e', 'c', 'e', 'c', 'e', 'd', 'c', 'c', 'c', 'd', 'c', 'a', 'e', 'c', 'c', 'c', 'c', 'e', 'd', 'c', 'e', 'c', 'd', 'b', 'a', 'b', 'a', 'c', 'c', 'd', 'a', 'a', 'b', 'd', 'a', 'd', 'b', 'd', 'a', 'e', 'b', 'd', 'e', 'd', 'a', 'c', 'd', 'a', 'e', 'c', 'c', 'c', 'e', 'c', 'e', 'e', 'e', 'd', 'c', 'a', 'b', 'c', 'a', 'b', 'b', 'a', 'b', 'e', 'c', 'a', 'b', 'b', 'b', 'd', 'b', 'e', 'a', 'b', 'e', 'c', 'd', 'b', 'c', 'e', 'b', 'b', 'b', 'a', 'b', 'c', 'a', 'e', 'd', 'b', 'c', 'c', 'b', 'a', 'd', 'a', 'e', 'd', 'c', 'e', 'e', 'e', 'a', 'b', 'c', 'a', 'b', 'd', 'a', 'b', 'e', 'd', 'a', 'a', 'a', 'b', 'e', 'c', 'a', 'a', 'd', 'a', 'd', 'c')",26400
25,spec_5.dot,8.85,NAN,8,3,27082,37.7,NAN,120000
25,spec_4.dot,8.38,NAN,8,3,27084,38.4,NAN,120000
25,spec_1.dot,8.39,NAN,8,3,27082,37.9,NAN,120000
25,spec_3.dot,8.47,NAN,8,3,27084,38.0,NAN,120000
25,spec_2.dot,8.5,NAN,8,3,27084,38.1,NAN,120000
10,spec_5.dot,6.62,"('d', 'a', 'a', 'd', 'c', 'b', 'b', 'e', 'c', 'e', 'a', 'd', 'a')",29,4,13798,0.353,"('b', 'c', 'a', 'd', 'b', 'a', 'a', 'd', 'c', 'a', 'e', 'c', 'a', 'c', 'd', 'e', 'a', 'b', 'a', 'a', 'a', 'b', 'a', 'd', 'e', 'd', 'b', 'b', 'c', 'b', 'a', 'a', 'c', 'e', 'e', 'c', 'd', 'e', 'c', 'e', 'b', 'a', 'a')",600
10,spec_4.dot,17.1,"('c', 'd', 'e', 'a', 'a', 'e', 'b', 'd', 'a')",26,4,20331,1.95,"('c', 'c', 'b', 'd', 'a', 'd', 'b', 'b', 'e', 'e', 'a', 'a', 'c', 'b', 'c', 'c', 'd', 'd', 'e', 'd', 'c', 'd', 'a', 'b', 'a', 'a', 'd', 'e', 'b', 'c', 'b', 'a', 'a', 'c', 'e', 'e', 'e', 'a', 'd', 'e', 'a', 'b', 'a', 'b', 'a', 'c', 'c', 'c', 'd', 'e', 'a', 'd', 'e', 'e', 'c', 'b', 'a', 'c', 'b', 'a', 'b', 'a', 'a', 'b', 'b', 'c', 'a', 'e', 'd', 'b', 'a', 'a', 'a', 'd', 'a', 'd', 'c', 'a', 'c', 'a', 'a', 'd', 'd', 'c', 'e', 'c', 'c', 'c', 'c', 'b', 'a', 'c')",3600
10,spec_1.dot,32.7,"('d', 'a', 'a', 'c', 'c', 'c', 'e', 'e', 'a', 'c', 'e', 'e', 'b', 'e', 'e')",34,6,23477,10.1,"('e', 'a', 'e', 'e', 'b', 'a', 'd', 'a', 'c', 'b', 'c', 'd', 'a', 'a', 'd', 'a', 'b', 'd', 'a', 'a', 'e', 'c', 'c', 'a', 'b', 'e', 'd', 'b', 'c', 'e', 'c', 'c', 'c', 'd', 'd', 'd', 'a')",18200
10,spec_3.dot,4.48,"('e', 'b', 'e', 'b', 'a', 'b', 'e', 'e')",28,5,15902,4.94,"('b', 'e', 'b', 'b', 'd', 'd', 'b', 'e', 'd', 'c', 'd', 'd', 'c', 'c', 'c', 'c', 'c', 'e', 'e', 'c', 'a', 'b', 'd', 'd', 'b', 'a', 'b', 'd', 'c', 'c', 'a', 'e', 'a', 'e', 'e', 'b', 'e', 'b', 'e', 'a', 'b', 'e', 'c', 'b', 'b', 'c', 'a', 'a', 'c', 'e', 'b', 'c', 'a', 'e', 'd', 'b', 'b', 'e', 'b', 'a', 'd', 'c', 'e', 'e', 'b', 'e', 'c', 'a', 'a', 'b', 'e', 'd', 'e', 'a', 'd', 'e', 'e', 'd', 'b', 'a', 'c', 'c', 'd', 'b', 'd', 'b', 'b', 'e', 'd', 'c', 'c', 'b', 'd', 'e', 'd', 'a', 'c', 'c', 'e', 'a', 'c', 'e', 'c', 'a', 'a', 'e', 'c', 'b', 'd', 'b', 'e', 'd', 'd', 'c', 'b', 'c', 'a', 'b', 'c', 'b', 'd', 'd', 'd', 'c', 'd', 'a', 'a', 'd', 'c', 'c', 'e', 'd', 'd', 'c', 'a', 'e', 'a', 'a', 'e', 'd', 'd', 'a', 'e', 'd', 'c', 'b', 'c', 'd', 'e', 'd', 'a', 'd', 'c', 'c', 'e', 'd', 'b', 'b', 'c', 'c', 'a', 'e', 'e', 'a', 'd', 'b', 'c', 'd', 'c', 'a', 'c', 'a', 'd', 'e', 'a', 'e', 'a', 'a', 'e', 'b', 'c', 'c', 'e', 'c', 'b', 'c', 'b', 'e', 'd', 'c', 'd', 'a', 'b', 'b', 'c', 'c', 'a', 'c', 'b', 'a', 'd')",8800
10,spec_2.dot,9.0,"('d', 'a', 'a', 'd', 'b', 'b', 'd', 'a', 'b', 'a', 'a')",26,4,20884,2.32,"('a', 'b', 'a', 'c', 'e', 'a', 'c', 'd', 'e', 'e', 'b', 'd', 'c', 'a', 'd', 'c', 'b', 'b', 'd', 'a', 'a', 'a', 'd', 'b', 'a', 'c', 'e', 'b', 'e', 'b')",4200
8,spec_5.dot,4.95,"('c', 'e', 'b', 'c', 'c', 'c')",30,12,12272,0.0929,"('b', 'a', 'c', 'a', 'b', 'd', 'd', 'b', 'a', 'a', 'e', 'b', 'e', 'b', 'd', 'b', 'b', 'b', 'c', 'b', 'd', 'b', 'b', 'd', 'd', 'c', 'a', 'a', 'a', 'd', 'd', 'd', 'a', 'c', 'b', 'd', 'd', 'e', 'd', 'e', 'e', 'e', 'b', 'e', 'c', 'a', 'a', 'e', 'd', 'c', 'e', 'c', 'd', 'e', 'd', 'c', 'e', 'd', 'b', 'd', 'c', 'e', 'b', 'b', 'b', 'c', 'a', 'c', 'a', 'b', 'c', 'd', 'a', 'c', 'c', 'd', 'c', 'a', 'c', 'e')",200
8,spec_4.dot,1.45,"('c', 'd', 'a', 'a', 'a')",27,13,8584,0.122,"('c', 'd', 'c', 'd', 'a', 'c', 'd', 'd', 'e', 'c', 'e', 'e', 'b', 'a', 'a', 'd', 'b', 'a')",200
8,spec_1.dot,1.46,"('c', 'd', 'b', 'a', 'd')",22,9,6363,0.0976,"('c', 'd', 'a', 'a', 'c', 'c', 'd', 'd', 'b', 'a', 'd', 'b', 'e', 'a', 'a', 'b', 'c', 'c', 'd', 'c', 'c', 'a', 'b', 'a', 'd', 'b', 'c', 'c', 'c', 'e', 'a', 'e', 'a', 'c', 'a', 'c', 'b', 'd', 'd', 'a', 'd', 'a')",200
8,spec_3.dot,14.3,"('b', 'b', 'b', 'c', 'd', 'a', 'e')",24,10,9673,0.668,"('b', 'e', 'c', 'a', 'b', 'd', 'd', 'a', 'e', 'e', 'd', 'c', 'd', 'd', 'c', 'a', 'd', 'd', 'a', 'c', 'd', 'a', 'c', 'b', 'e', 'c', 'a', 'd', 'c', 'e', 'e', 'b', 'c', 'a', 'e', 'c', 'b', 'a', 'b', 'c', 'b', 'c', 'b', 'd', 'd', 'c', 'e', 'd', 'a', 'd', 'a', 'e', 'd', 'e', 'b', 'b', 'a', 'a', 'b', 'e', 'e', 'a', 'd', 'b', 'd', 'b', 'c', 'd', 'd', 'c', 'e', 'e', 'e', 'e', 'd', 'e', 'd', 'd', 'a', 'b', 'a', 'c', 'a', 'c', 'b', 'd', 'e', 'b', 'c', 'd', 'c', 'c', 'c', 'd', 'c', 'a', 'b', 'b', 'b')",1200
8,spec_2.dot,1.28,"('d', 'c', 'd', 'd', 'd', 'd', 'd')",24,10,7318,0.11,"('c', 'e', 'a', 'e', 'e', 'b', 'a', 'c', 'c', 'a', 'b', 'a', 'd', 'e', 'e', 'c', 'e', 'a', 'a', 'b', 'a', 'a', 'c', 'b', 'c', 'a', 'd', 'd', 'a', 'd', 'c', 'e', 'b', 'a', 'a', 'e', 'c', 'a', 'd', 'a', 'c', 'c', 'c', 'e', 'e', 'd', 'c', 'd', 'c', 'd', 'e', 'e', 'b', 'a', 'b', 'b', 'b', 'e', 'd', 'd', 'c', 'c', 'd', 'd', 'c', 'a', 'e', 'a', 'c', 'd', 'b', 'd', 'e', 'b', 'e', 'e', 'e', 'd', 'e', 'c', 'c', 'b', 'c', 'e', 'c', 'a', 'c', 'b', 'a', 'd', 'a', 'e', 'b', 'c', 'e', 'c', 'b', 'a', 'b', 'e', 'a', 'c', 'e', 'b', 'a', 'c', 'c', 'c', 'a', 'e', 'b', 'e', 'c', 'a', 'd', 'b', 'd', 'c', 'c', 'e', 'e', 'c', 'a', 'e', 'a', 'd', 'e', 'd', 'a', 'c', 'c', 'c', 'b', 'a', 'e', 'c', 'e', 'd', 'b', 'e', 'b', 'e', 'a', 'c', 'e', 'a', 'e', 'b', 'b', 'a', 'b', 'e', 'a', 'c', 'a', 'c', 'e', 'e', 'b', 'd', 'd', 'b', 'b', 'a', 'e', 'd', 'a', 'a', 'b', 'd', 'd', 'e', 'd', 'e', 'b', 'a', 'e', 'e', 'a', 'b', 'c', 'e', 'e', 'a', 'c', 'b', 'd', 'b', 'd', 'e', 'd', 'e', 'c', 'a', 'c', 'a', 'c', 'd', 'b', 'd', 'b', 'c', 'd', 'a', 'b', 'c', 'c', 'd', 'd', 'd', 'c', 'b', 'c', 'd', 'c', 'b', 'd', 'e')",200
17,spec_5.dot,5.26,"('d', 'b', 'a', 'a', 'e', 'c', 'd', 'b', 'a', 'b', 'c', 'b')",28,7,15610,5.12,"('e', 'a', 'a', 'd', 'b', 'e', 'b', 'b', 'd', 'c', 'b', 'e', 'a', 'c', 'b', 'e', 'b', 'c', 'c', 'a', 'e', 'd', 'd')",9400
17,spec_4.dot,6.22,"('b', 'b', 'd', 'b', 'd', 'c', 'b')",28,7,15433,0.565,"('a', 'b', 'c', 'd', 'd', 'e', 'd', 'c', 'c', 'a', 'e', 'b', 'e', 'a', 'e', 'a', 'd', 'b', 'd', 'c', 'a', 'd', 'b', 'e', 'a', 'e', 'd', 'd', 'b', 'c', 'e', 'b', 'd', 'b', 'd', 'c', 'a', 'a', 'd', 'e', 'c', 'e', 'c', 'c', 'c', 'c', 'e', 'b', 'a', 'e', 'c', 'c')",1000
17,spec_1.dot,42.7,"('a', 'c', 'c', 'b', 'd', 'd', 'a', 'c', 'a', 'b', 'a', 'a', 'c', 'c')",46,12,37524,4.35,"('b', 'd', 'a', 'd', 'b', 'b', 'b', 'd', 'd', 'a', 'e', 'b', 'e', 'e', 'd', 'c', 'd', 'a', 'b', 'a', 'd', 'b', 'c', 'a', 'b', 'c', 'd', 'd', 'c', 'a', 'd', 'e', 'a', 'a', 'e', 'd', 'd', 'a', 'd', 'd', 'e', 'd', 'a', 'e', 'a', 'e', 'c', 'd', 'b', 'a', 'd', 'b', 'b', 'e', 'a', 'e', 'c', 'd', 'b', 'c', 'a', 'e', 'b', 'b', 'd', 'b', 'a', 'b', 'd', 'c', 'a', 'd', 'd', 'd', 'd', 'd', 'a', 'b', 'c', 'e', 'a', 'd', 'd', 'e', 'c', 'd', 'e', 'b', 'd', 'b', 'd', 'a', 'e', 'c', 'b', 'a', 'e', 'c', 'b', 'c', 'b', 'c', 'b', 'a', 'b', 'a', 'a', 'c', 'c', 'c', 'a', 'a', 'c', 'e', 'b', 'c', 'd', 'e', 'e', 'a', 'b', 'a', 'e', 'a', 'd', 'd', 'c', 'c', 'd')",8000
17,spec_3.dot,13.4,"('a', 'c', 'b', 'e', 'b', 'c', 'c', 'a', 'd', 'a')",28,6,23772,2.27,"('b', 'b', 'c', 'a', 'a', 'c', 'e', 'e', 'e', 'c', 'e', 'b', 'c', 'a', 'a', 'a', 'c', 'c', 'a', 'e', 'd', 'c', 'a', 'a', 'e', 'c', 'a', 'b', 'b', 'a', 'c', 'e', 'e', 'e', 'b', 'e', 'e', 'b', 'e', 'b', 'e', 'd', 'b', 'a', 'd', 'b', 'd', 'a', 'a', 'a', 'a', 'b', 'd', 'd', 'e', 'a', 'a', 'b', 'a', 'e', 'a', 'c', 'a', 'a', 'a', 'c', 'b', 'd', 'b', 'c', 'd', 'c', 'b', 'c', 'd', 'a', 'b', 'c', 'd', 'e', 'd', 'a', 'e', 'c', 'c', 'b', 'a', 'a', 'e', 'd', 'b', 'b', 'c', 'b', 'b', 'b', 'e', 'b', 'a', 'c', 'b', 'd', 'e', 'e', 'c', 'e', 'c', 'd', 'c')",4400
17,spec_2.dot,12.9,"('d', 'e', 'e', 'e', 'a', 'a', 'e', 'd', 'b', 'd', 'a', 'd', 'b', 'a')",32,8,22257,3.51,"('c', 'c', 'c', 'b', 'a', 'b', 'd', 'd', 'e', 'a', 'e', 'e', 'b', 'a', 'c', 'b', 'a', 'a', 'c', 'c', 'b', 'd', 'b', 'c', 'b', 'a', 'e', 'c', 'e', 'a', 'a', 'd', 'd', 'e', 'd', 'e', 'e', 'b', 'd', 'b', 'd', 'b', 'e', 'e', 'c', 'b', 'e', 'd', 'e', 'e', 'a', 'c', 'e', 'b', 'd', 'e', 'a', 'b', 'e', 'e')",6400
15,spec_4.dot,3.75,"('e', 'e', 'c', 'd', 'c', 'b', 'c', 'd', 'e')",22,17,13243,3.58,"('a', 'b', 'a', 'e', 'a', 'e', 'd', 'c', 'd', 'e', 'b', 'a', 'b', 'c', 'a', 'c', 'e', 'd', 'd', 'e', 'b', 'c', 'e', 'c', 'b', 'c', 'c', 'b', 'b', 'd', 'a', 'd', 'e', 'b', 'd', 'b', 'd', 'd', 'd', 'a', 'a', 'd', 'd', 'c', 'b', 'b', 'b', 'e', 'c', 'd', 'c', 'd', 'c', 'c', 'd', 'a', 'a', 'c', 'd', 'c', 'd', 'e', 'a', 'e', 'c', 'c', 'e', 'b', 'b', 'e', 'c', 'e', 'b', 'c', 'c', 'b', 'd', 'a', 'e', 'd', 'd', 'e', 'c', 'd', 'b', 'c', 'b', 'e', 'a', 'd', 'c', 'c', 'a', 'b', 'a', 'd', 'e', 'e', 'd', 'b', 'c', 'c', 'e', 'a', 'a', 'e', 'd', 'a', 'e', 'c', 'e', 'd', 'a', 'c', 'd', 'd', 'a', 'e', 'd', 'd', 'a', 'd', 'e', 'e', 'a', 'e', 'c', 'e', 'c', 'd', 'c', 'a', 'b', 'd', 'a', 'a', 'e', 'e', 'b', 'b', 'a', 'd', 'e', 'c', 'a', 'd', 'd', 'b', 'b', 'e', 'b', 'c', 'e', 'b', 'b', 'a', 'c', 'd', 'b', 'b', 'a', 'b', 'b', 'd', 'a', 'a', 'e', 'b', 'c', 'a', 'e', 'e', 'b', 'a', 'd', 'a', 'c', 'a', 'b', 'e', 'b', 'a', 'a', 'd', 'a', 'b', 'a', 'c', 'e', 'c', 'd', 'd', 'a', 'c', 'c', 'a', 'a', 'b', 'a', 'e', 'c', 'e', 'b', 'e', 'c', 'e', 'e', 'b', 'b', 'a', 'b', 'c', 'd', 'e', 'b', 'd', 'b', 'c', 'a', 'e', 'c', 'd', 'e', 'd', 'b', 'd', 'e', 'd', 'c', 'b', 'a', 'a', 'b', 'e', 'e', 'e', 'c', 'e', 'c', 'a', 'a', 'e', 'd', 'c', 'b', 'd', 'e', 'a', 'd', 'c', 'e', 'b', 'c', 'c', 'c', 'e', 'd', 'c', 'b', 'b', 'b', 'd', 'd', 'b', 'b', 'e', 'e', 'e', 'b', 'c', 'a', 'b')",9400
15,spec_1.dot,5.14,"('c', 'd', 'c', 'e', 'c', 'b', 'e', 'c', 'a', 'e')",26,19,16359,1.78,"('a', 'a', 'd', 'e', 'd', 'a', 'a', 'a', 'e', 'c', 'b', 'a', 'd', 'c', 'b', 'c', 'e', 'a', 'd', 'c', 'e', 'e', 'a', 'a', 'e', 'a', 'e', 'd', 'd', 'b', 'd', 'b', 'c', 'c', 'd', 'c', 'e', 'c', 'b', 'e', 'c', 'e', 'b', 'b', 'a')",4600
15,spec_3.dot,13.9,"('c', 'd', 'c', 'e', 'c', 'b', 'e', 'c', 'a', 'e')",23,17,38794,1.95,"('d', 'c', 'd', 'd', 'a', 'a', 'e', 'd', 'b', 'b', 'e', 'd', 'a', 'b', 'd', 'd', 'd', 'a', 'c', 'c', 'c', 'e', 'd', 'a', 'a', 'c', 'b', 'b', 'd', 'a', 'd', 'c', 'c', 'b', 'e', 'd', 'a', 'a', 'c', 'b', 'c', 'b', 'b', 'b', 'd', 'a', 'd', 'd', 'b', 'c', 'b', 'a', 'd', 'b', 'c', 'b', 'd', 'c', 'a', 'd', 'e', 'e', 'b', 'b', 'a', 'd', 'b', 'd', 'e', 'e', 'a', 'd', 'b', 'd', 'e', 'e', 'c', 'e', 'c', 'e', 'e', 'c', 'e', 'a', 'a', 'a', 'a', 'b', 'e', 'c', 'e', 'e', 'a', 'e', 'c', 'a', 'd', 'a', 'e', 'c', 'a', 'a', 'e', 'b', 'c', 'd', 'd', 'c', 'e', 'a', 'd', 'a', 'e', 'b', 'd', 'd', 'b', 'c', 'd', 'e', 'c', 'd', 'd', 'a', 'd', 'd', 'c', 'a', 'b', 'b', 'd', 'b', 'b', 'e', 'd', 'c', 'b', 'c', 'd', 'a', 'a', 'b', 'a', 'e', 'a', 'a', 'e', 'd', 'a', 'a', 'b', 'b', 'b', 'e', 'a', 'a', 'd', 'a', 'a', 'd', 'e', 'b', 'a', 'a', 'd', 'c', 'e', 'a', 'b', 'e', 'b', 'c', 'c', 'd', 'd', 'e', 'a', 'a', 'd', 'b', 'c', 'b', 'c', 'd', 'd', 'd', 'c', 'e', 'd', 'a', 'd', 'd', 'e', 'd', 'a', 'a', 'c', 'e', 'e', 'c', 'e', 'b', 'a', 'c', 'a', 'b', 'e', 'd', 'e', 'd', 'a', 'd', 'a', 'a', 'b', 'a', 'd', 'b', 'b', 'c', 'a', 'd', 'a', 'e', 'a', 'd', 'b', 'd', 'e', 'b', 'd', 'e', 'e', 'a', 'a', 'a', 'e', 'e', 'c', 'c', 'e', 'e', 'b', 'e', 'c', 'e', 'a', 'a', 'a', 'c', 'b', 'b', 'c', 'b', 'c', 'a', 'a', 'c', 'd', 'a', 'c', 'd', 'c', 'c', 'a', 'a', 'c')",5000
15,spec_2.dot,20.6,"('b', 'c', 'a', 'd', 'd', 'c', 'b', 'c', 'd', 'e', 'b')",27,21,24338,19.1,"('d', 'c', 'b', 'd', 'd', 'b', 'a', 'c', 'e', 'a', 'e', 'd', 'a', 'b', 'd', 'a', 'c', 'b', 'a', 'c', 'c', 'a', 'a', 'c', 'c', 'd', 'e', 'd', 'd', 'a', 'c', 'b', 'b', 'e', 'c', 'd', 'c', 'a', 'b', 'd', 'b', 'c', 'e', 'd', 'a', 'e', 'e', 'c', 'c', 'a', 'b', 'e', 'b', 'c', 'b', 'a', 'b', 'b', 'e', 'd', 'a', 'b', 'c', 'e', 'e', 'b', 'c', 'b', 'a', 'e', 'c', 'b', 'd', 'c', 'a', 'a', 'a', 'c', 'c', 'c', 'b', 'c', 'c', 'c', 'b', 'd', 'e', 'd', 'b', 'c', 'c', 'd', 'b', 'e', 'd', 'a', 'a', 'e', 'd', 'b', 'c', 'd', 'd', 'c', 'c', 'e', 'c', 'd', 'a', 'b', 'd', 'b', 'b', 'a', 'e', 'd', 'c', 'd', 'c', 'c', 'c', 'e', 'e', 'a', 'e', 'a', 'b', 'c', 'a', 'a', 'c', 'c', 'b', 'c', 'b', 'c', 'a', 'd', 'a', 'd', 'c', 'b', 'a', 'e', 'a', 'a', 'b', 'e', 'b', 'c', 'd', 'c', 'e', 'e', 'a', 'e', 'c', 'e', 'b', 'e', 'c', 'd', 'c', 'c', 'c', 'b', 'e', 'd', 'e', 'e', 'd', 'e', 'a', 'd', 'c', 'd', 'a', 'd', 'a', 'e', 'd', 'e', 'c', 'e', 'e', 'c', 'e', 'c', 'd', 'c', 'c', 'e', 'c', 'c', 'e', 'a', 'd', 'd', 'a', 'e', 'e', 'e', 'a', 'b', 'c', 'b', 'e', 'e', 'd', 'b', 'b', 'b', 'e', 'e', 'a', 'e', 'b', 'b', 'b', 'd', 'c', 'a', 'c', 'e', 'd', 'a', 'e', 'b', 'c', 'e', 'b', 'a', 'd', 'e', 'd', 'c', 'e', 'e', 'e', 'e', 'd', 'b', 'a', 'b', 'b', 'd', 'd', 'd', 'e', 'e', 'e', 'a', 'a', 'a', 'c', 'b', 'c', 'a', 'e', 'e', 'a', 'd', 'c', 'e', 'd', 'e', 'b', 'c', 'b', 'a', 'c', 'b', 'b', 'e', 'c', 'c', 'a', 'b', 'b', 'd', 'b', 'd')",47400
