name,spec_num,during_time_spec,extraction_mistake_during,dfa_extract_specs_states,dfa_extract_specs_final,dfa_extract_spec_mem_queries,mistake_time_extraction,extraction_mistake_after,dfa_extract_states,dfa_extract_final,dfa_extract_mem_queries,mistake_time_rand,mistake_rand,rand_num_queries
13,1,2.04,NAN,11,1,5257,3.31,NAN,11,1,6294,45.2,NAN,120000
13,2,1.65,NAN,11,1,4500,1.28,NAN,11,1,4138,45.1,NAN,120000
13,3,1.36,NAN,11,1,4317,1.84,NAN,11,1,4478,42.5,"('e', 'd', 'a', 'a', 'd', 'c', 'd', 'd', 'b', 'c', 'c', 'e', 'd', 'c', 'c', 'e', 'e', 'b', 'b', 'a', 'b', 'd', 'd', 'e', 'a', 'c', 'e', 'e', 'b', 'd', 'c', 'b', 'e', 'e', 'a', 'd', 'd', 'd', 'd', 'c', 'a', 'a', 'c', 'a', 'c', 'e', 'c', 'e', 'e', 'c', 'd', 'd', 'c', 'a', 'c', 'c', 'c', 'c', 'd', 'b', 'e', 'b', 'b', 'd', 'a', 'b', 'b', 'a', 'c', 'd', 'b', 'b', 'd', 'c', 'b', 'c', 'd', 'e', 'a', 'e', 'b', 'a', 'c', 'd', 'd', 'a', 'a', 'e', 'd', 'a', 'a', 'e', 'b', 'd', 'd', 'e', 'a', 'd', 'e', 'c', 'e', 'c', 'b', 'd')",113600
13,4,1.38,NAN,11,1,4227,1.91,NAN,11,1,5026,7.0,"('b', 'a', 'd', 'a', 'd', 'a', 'a', 'e', 'e', 'a', 'e', 'd')",18600
13,5,1.57,NAN,11,1,4394,2.2,NAN,11,1,5238,16.5,"('c', 'c', 'e', 'c', 'd', 'c', 'e', 'b', 'b', 'c', 'b', 'd', 'c', 'd', 'd', 'a', 'd', 'd', 'd', 'a', 'c', 'd', 'c', 'e', 'e', 'b', 'e', 'b', 'c', 'b', 'b', 'c', 'a', 'b', 'd', 'c', 'b', 'd', 'c', 'c', 'd')",44000
22,1,0.907,NAN,9,7,3108,1.71,NAN,9,7,3935,37.0,NAN,120000
22,2,0.891,NAN,9,7,3231,1.11,NAN,9,7,3046,38.6,NAN,120000
12,1,1.98,NAN,15,5,5595,3.23,"('c', 'a', 'b', 'a', 'c', 'd', 'c', 'd', 'e', 'e', 'e', 'a')",24,8,9971,52.6,NAN,120000
12,2,1.75,NAN,15,5,5576,1.85,NAN,15,5,5196,23.7,"('d', 'a', 'c', 'a', 'a', 'd', 'd', 'a', 'c', 'e', 'd', 'a', 'a', 'a', 'a', 'e', 'b', 'e', 'e', 'd', 'e', 'a', 'a', 'b', 'c', 'a', 'a', 'c', 'e', 'a', 'c', 'e', 'a', 'd', 'e', 'c', 'c', 'a', 'd', 'a', 'e', 'a', 'c', 'c', 'c', 'd', 'a', 'a', 'e', 'b', 'a', 'b', 'd', 'a', 'a', 'a', 'e', 'e', 'e', 'c', 'a', 'd', 'c', 'b', 'd', 'c', 'a', 'b', 'e', 'e', 'a', 'c', 'e', 'c', 'b', 'a', 'b', 'c', 'e', 'd', 'b', 'a', 'a', 'b', 'b', 'e', 'b', 'd', 'e', 'c', 'd', 'c', 'e', 'e', 'd', 'd', 'd', 'd', 'b', 'a', 'd', 'a', 'e', 'd', 'd', 'e', 'd', 'd', 'b', 'c', 'b', 'a', 'd', 'e', 'e', 'e', 'b', 'e', 'e', 'b', 'd', 'a', 'd', 'c', 'd', 'd', 'c', 'c', 'c', 'd', 'c', 'c', 'd', 'b', 'a', 'b', 'b', 'd', 'a', 'e', 'd', 'd', 'e', 'a', 'b', 'a', 'a', 'b', 'a', 'e', 'c', 'd', 'a', 'c', 'e', 'd', 'b', 'e', 'd', 'b', 'c', 'e', 'd', 'a', 'd', 'd', 'd', 'e', 'c', 'e', 'b', 'd', 'e', 'd', 'b', 'c', 'd', 'c', 'c', 'e', 'e', 'a', 'b', 'c', 'c', 'd', 'a', 'c', 'a', 'c', 'a', 'b', 'c', 'c', 'c', 'a', 'b', 'a', 'e', 'c', 'a', 'd', 'a', 'c', 'c', 'd', 'e', 'c', 'e', 'e', 'c', 'a', 'd', 'e', 'b', 'd', 'b', 'c', 'b', 'b', 'a', 'd', 'a', 'd', 'e', 'c', 'd', 'a', 'e', 'a', 'e', 'e', 'b', 'e', 'b', 'e', 'c', 'd', 'b', 'a', 'e', 'd', 'c', 'b', 'd', 'b', 'e', 'd', 'd', 'e', 'a', 'b', 'e', 'a', 'd', 'a', 'e', 'b', 'b', 'b', 'b', 'd', 'd', 'e', 'd', 'e', 'b', 'd', 'd', 'b')",59600
12,3,16.3,"('a', 'e', 'b', 'a', 'e', 'a', 'e', 'c', 'c', 'e', 'e', 'e', 'a', 'd')",43,11,32964,3.01,"('b', 'd', 'e', 'c', 'e', 'a', 'd', 'c', 'c', 'd')",23,9,11264,47.5,NAN,120000
12,4,2.05,NAN,15,5,5580,2.1,NAN,15,5,5851,4.05,"('d', 'e', 'a', 'd', 'd', 'a', 'e', 'c', 'a', 'd', 'a', 'b', 'c', 'b', 'd', 'c', 'b', 'b', 'c', 'e', 'b', 'b', 'c', 'd', 'a', 'b', 'a', 'b', 'c', 'b', 'c', 'b', 'd', 'e', 'b', 'd', 'e', 'c', 'c', 'b', 'a', 'a', 'e', 'c', 'c', 'c', 'b', 'd', 'b', 'b', 'a', 'a', 'a', 'e', 'a', 'b', 'a', 'd', 'b', 'c', 'b', 'c', 'c', 'd', 'b', 'e', 'd', 'c', 'a', 'd', 'a', 'b', 'c')",10800
12,5,1.77,NAN,15,5,5546,1.79,NAN,15,5,4649,13.5,"('c', 'd', 'e', 'e', 'e', 'a', 'a', 'b', 'e', 'c', 'e', 'b', 'e', 'e', 'e', 'e', 'd', 'c', 'd', 'e', 'e', 'a', 'd', 'e', 'c', 'a', 'c', 'c', 'b', 'b', 'b', 'c', 'b', 'b', 'a', 'd', 'e', 'a', 'a', 'b', 'e', 'c', 'd', 'b', 'e', 'd', 'd', 'e', 'e', 'c', 'd', 'd', 'c', 'e', 'c', 'd', 'b', 'b', 'd', 'a', 'e', 'c', 'a', 'c', 'c', 'd', 'e', 'b', 'b', 'e', 'e', 'e', 'a', 'e', 'e', 'b', 'd', 'c', 'b', 'a', 'd', 'c', 'e', 'b', 'e', 'c', 'b', 'a', 'a', 'e', 'e', 'c', 'b', 'c', 'e', 'a', 'd', 'a', 'e', 'e', 'c', 'e', 'b', 'e', 'b', 'd', 'e', 'a', 'c', 'e', 'e', 'e', 'e', 'd', 'e', 'd', 'a', 'c', 'c', 'd', 'b', 'd', 'e', 'a', 'c', 'd', 'e', 'c', 'a', 'd', 'a', 'd', 'd', 'b', 'a', 'c', 'd', 'e', 'c', 'b', 'b', 'e', 'a', 'a')",35400
30,1,23.4,"('d', 'e', 'c', 'a', 'c', 'b', 'd', 'c', 'b', 'a', 'a', 'c')",36,9,28274,3.87e+02,NAN,308,66,2544917,8.81,"('c', 'b', 'd', 'a', 'a', 'c', 'b', 'd', 'a', 'e', 'a', 'c', 'b', 'd', 'c', 'e', 'e', 'c', 'c', 'c', 'e', 'c', 'e', 'a', 'a', 'e', 'e', 'b', 'e', 'a', 'e', 'e', 'c', 'a', 'b', 'd', 'e', 'a', 'a', 'a', 'b', 'a', 'c', 'd', 'e', 'e', 'c', 'e', 'e', 'b', 'd', 'b', 'e', 'd', 'a', 'c', 'd', 'b', 'c', 'c', 'e', 'e', 'c', 'c', 'd', 'e', 'b', 'c', 'c', 'd', 'a', 'b', 'd', 'b', 'e', 'e', 'b', 'c', 'e', 'b', 'd', 'a', 'd', 'b', 'e', 'c', 'a', 'b', 'e', 'd', 'b', 'c', 'e', 'c', 'd', 'a', 'e', 'c', 'c', 'd', 'e', 'd', 'e', 'e', 'a', 'e', 'a', 'e', 'a', 'e', 'b', 'c', 'e', 'c', 'c', 'b')",15600
30,2,4.04,"('b', 'd', 'd', 'a', 'd', 'b', 'e', 'd', 'a', 'c')",28,6,11795,9.56e+02,NAN,533,134,7115422,63.5,"('d', 'd', 'b', 'a', 'd', 'b', 'c', 'e', 'a', 'b', 'c', 'd', 'd', 'd', 'c', 'c', 'e', 'b', 'd', 'a', 'c', 'e', 'e', 'b', 'e', 'c', 'a', 'b', 'b', 'e', 'e', 'b', 'e', 'b', 'e', 'c', 'e', 'd', 'e', 'c', 'd', 'e', 'c', 'd', 'a', 'd', 'b', 'd', 'a', 'd', 'b', 'd', 'e', 'e', 'b', 'c', 'd', 'b', 'b', 'c', 'd', 'b', 'd', 'a', 'd', 'c', 'd', 'e', 'a', 'c', 'e', 'e', 'a', 'd', 'd', 'b', 'c', 'e', 'e', 'd', 'b', 'd', 'd', 'e', 'b', 'c', 'c', 'd', 'd', 'a', 'a', 'b', 'a', 'c', 'e', 'c', 'a', 'd', 'a', 'd', 'b', 'a', 'd', 'd', 'b', 'd', 'e', 'c', 'c', 'c', 'c', 'd', 'e', 'c', 'a', 'c', 'd', 'a', 'e', 'a', 'd', 'c', 'e', 'd', 'a', 'a', 'a', 'e', 'e', 'c', 'c', 'd', 'e', 'c', 'e', 'a', 'b', 'b', 'c', 'a', 'd', 'b', 'c', 'c', 'e', 'a', 'c', 'd', 'b', 'c', 'd', 'a', 'a', 'd', 'd', 'a', 'e', 'a', 'a', 'c', 'e', 'd')",106200
30,3,3.85,"('a', 'e', 'a', 'c', 'e', 'c', 'e', 'a', 'c', 'd')",29,7,12097,7.69,NAN,24,6,12522,1.81,"('c', 'd', 'e', 'a', 'd', 'e', 'd', 'b', 'b', 'b', 'c', 'd', 'a', 'e', 'e', 'd', 'e', 'c', 'd', 'c', 'e', 'b', 'b', 'e', 'd', 'd', 'c', 'd', 'd', 'e', 'a', 'd', 'c', 'c', 'b', 'c', 'e', 'd', 'a', 'e', 'e', 'e', 'a', 'd', 'c', 'a', 'b', 'e', 'a', 'e', 'a', 'e', 'c', 'b', 'e', 'a', 'e', 'e', 'b', 'c', 'e', 'b', 'd', 'c', 'a', 'b', 'c', 'a', 'd', 'a', 'e', 'b', 'd', 'a', 'b', 'c', 'a', 'e', 'b', 'b', 'd', 'd', 'a', 'b', 'a', 'e', 'c', 'a', 'd', 'd', 'e', 'c', 'd', 'a', 'a', 'e', 'a', 'd', 'c', 'a', 'b', 'b', 'a', 'a', 'a', 'b', 'c', 'b', 'a', 'e', 'a', 'b', 'e', 'b', 'e', 'c', 'e', 'c', 'e', 'b', 'e', 'a', 'b', 'b', 'e', 'e', 'e', 'a', 'e', 'a', 'b', 'd', 'e', 'b', 'c', 'e', 'b', 'b', 'c', 'b', 'a', 'e', 'c', 'a', 'e', 'b', 'e', 'e', 'c', 'c', 'a', 'a', 'b', 'a', 'c', 'e', 'd', 'b', 'e', 'c', 'e', 'e', 'a', 'a', 'c', 'a', 'a', 'b', 'c', 'b', 'a', 'a', 'c', 'b', 'b', 'b', 'c', 'a', 'd', 'c', 'c', 'd', 'b', 'a', 'b', 'd', 'd', 'c', 'b', 'e', 'c', 'a', 'c', 'c', 'a', 'd', 'd', 'b', 'b', 'd', 'b', 'b', 'c', 'c', 'd', 'c', 'd', 'c', 'a', 'b', 'a', 'e', 'e', 'd', 'e', 'd', 'd', 'a', 'b', 'a', 'e', 'e', 'b', 'b', 'e', 'c', 'a', 'a', 'e', 'a', 'c', 'd', 'a', 'a', 'e', 'b', 'c', 'd', 'a', 'd', 'b', 'e', 'a', 'd', 'd', 'b', 'a', 'c', 'a', 'b', 'd', 'b', 'b', 'a', 'a', 'b')",3000
30,4,11.2,"('a', 'e', 'a', 'c', 'a', 'a', 'c', 'a', 'c', 'b', 'c', 'e', 'd')",40,12,28861,91.6,NAN,50,11,67927,1.32,"('e', 'a', 'd', 'e', 'b', 'd', 'c', 'd', 'e', 'b', 'a', 'a', 'e', 'e', 'e', 'b', 'c', 'c', 'e', 'c', 'd', 'a', 'c', 'b', 'c', 'e', 'c', 'd', 'e', 'd', 'd', 'b', 'e', 'd', 'c', 'a', 'b', 'e', 'a', 'b', 'b', 'c', 'c', 'd', 'a', 'c', 'a', 'a', 'e', 'e', 'd', 'b', 'c', 'a', 'a', 'c', 'e', 'a', 'e', 'c', 'd', 'a', 'b', 'e', 'e', 'e', 'c', 'a', 'a', 'd', 'e', 'a', 'b', 'b', 'a', 'e', 'd', 'd', 'd', 'c', 'a', 'c', 'e', 'a', 'c', 'c', 'd', 'e', 'c')",2200
30,5,5.18,NAN,24,6,11523,8.54,NAN,24,6,11423,1.65,"('d', 'b', 'c', 'e', 'b', 'c', 'd', 'c', 'a', 'a', 'd', 'd', 'c', 'b', 'a', 'e', 'c', 'd', 'e', 'a', 'a', 'a', 'b', 'c', 'e', 'a', 'a', 'e', 'b', 'e', 'd', 'e', 'e', 'c', 'd', 'a', 'c', 'b', 'a', 'b', 'a', 'b', 'c', 'a', 'c', 'b', 'c', 'd', 'c', 'a', 'b', 'd', 'd', 'd', 'a', 'a', 'c', 'a', 'c', 'b', 'd', 'c', 'e', 'e', 'd', 'c', 'a', 'e', 'e', 'e', 'a', 'b', 'e', 'e', 'e', 'b', 'e', 'd', 'e', 'b', 'a', 'c', 'c', 'a', 'e', 'a', 'd', 'a', 'c', 'c', 'a', 'b', 'a', 'c', 'b', 'a', 'c', 'b', 'e', 'b', 'b', 'd', 'e', 'c', 'e', 'e', 'a', 'b', 'e', 'a', 'c', 'a', 'd', 'd', 'd', 'd', 'a', 'd', 'b', 'e', 'd', 'a', 'e', 'c', 'c', 'e', 'c')",2600
26,1,4.62,"('a', 'c', 'd', 'e', 'b', 'b', 'a', 'a', 'a', 'b')",24,5,10928,7.27,NAN,21,5,11073,1.01,"('b', 'd', 'b', 'd', 'd', 'd', 'b', 'b', 'a', 'd', 'b', 'a', 'e', 'b', 'd', 'a', 'a', 'b', 'e', 'b', 'b', 'c', 'd', 'd', 'b', 'a', 'b', 'b', 'a', 'a', 'c', 'd', 'a', 'd', 'e', 'b', 'b', 'e', 'a', 'b', 'c', 'b', 'e', 'c', 'b', 'c', 'd', 'a', 'd', 'a', 'e', 'b', 'c', 'd', 'b', 'e', 'b', 'e', 'd', 'c', 'd', 'd', 'a', 'c', 'a', 'e', 'c', 'a', 'e', 'b', 'c', 'e')",1800
26,2,36.7,"('a', 'c', 'd', 'e', 'b', 'b', 'b', 'a', 'd', 'd', 'a')",28,5,16473,37.8,NAN,38,9,29851,4.53,"('d', 'd', 'a', 'c', 'd', 'b', 'b', 'e', 'b', 'd', 'c', 'c', 'a', 'd', 'c', 'c', 'c', 'a', 'e', 'c', 'e', 'e', 'e', 'c', 'e', 'a', 'c', 'a', 'c', 'c')",7800
26,3,5.67,"('a', 'c', 'd', 'e', 'b', 'b', 'a', 'a', 'a', 'b')",24,5,8129,5.54,NAN,21,5,9709,0.461,"('c', 'd', 'c', 'd', 'b', 'e', 'e', 'b', 'b', 'd', 'e', 'e', 'c', 'd', 'e', 'b', 'd', 'a', 'c', 'd', 'c', 'd', 'b', 'a', 'c', 'b', 'b', 'b', 'd', 'c', 'e', 'd', 'd', 'd', 'c', 'c', 'd', 'b', 'd', 'b', 'a', 'a', 'c', 'c', 'd', 'c', 'd', 'b', 'a', 'e', 'c', 'e', 'b', 'b', 'e', 'e', 'd', 'a', 'a', 'b', 'd', 'e', 'b', 'a', 'e', 'e', 'd', 'b', 'e', 'e', 'd', 'c', 'a', 'd', 'c', 'a', 'b', 'a', 'a', 'd', 'b', 'e', 'e', 'e', 'e', 'e', 'c', 'd', 'b', 'c', 'a', 'a', 'a', 'a', 'c', 'c', 'c', 'c', 'e', 'd', 'e', 'e', 'c', 'a', 'b', 'e', 'd', 'c', 'a', 'e', 'c', 'b', 'e', 'b', 'd', 'e', 'd', 'e', 'b', 'd', 'b', 'd', 'c', 'b', 'b', 'e', 'e', 'b', 'e', 'c', 'a', 'c', 'b', 'e', 'a', 'd', 'c', 'e', 'a', 'd', 'd', 'e', 'e', 'd', 'c', 'e', 'd', 'e', 'e', 'c', 'e', 'a', 'b', 'b', 'c', 'c', 'c', 'a', 'a', 'd', 'd', 'd', 'e', 'c', 'e', 'e', 'a', 'd', 'c', 'd', 'b', 'e', 'b', 'e', 'e', 'd', 'c', 'd', 'b', 'a', 'b', 'b', 'b', 'b', 'b', 'c', 'b', 'b', 'e', 'a', 'b', 'd', 'b', 'a', 'b', 'e', 'c', 'b', 'c', 'e', 'b', 'b', 'c', 'a', 'e', 'c', 'a', 'a', 'e', 'b', 'b', 'd', 'e', 'a', 'e', 'b', 'd', 'd', 'b', 'a', 'e', 'c', 'b', 'e', 'b', 'c', 'e', 'c', 'c', 'a', 'e', 'c', 'e', 'c', 'a', 'a', 'e', 'e', 'a', 'c', 'b', 'a', 'b', 'a', 'b', 'b', 'd', 'c', 'c', 'b', 'c', 'b', 'e', 'c', 'b', 'c', 'e', 'b', 'b', 'b', 'b', 'd', 'c', 'b', 'b', 'c', 'd', 'c', 'c', 'a', 'a', 'c', 'd', 'd', 'b', 'b', 'd', 'a', 'e', 'd', 'a', 'a', 'a', 'e', 'd', 'c', 'a', 'd', 'c', 'e', 'b', 'a', 'e', 'a', 'd', 'c')",800
26,4,3.55,NAN,21,5,9215,5.52,NAN,21,5,8965,12.7,"('e', 'a', 'a', 'e', 'a', 'c', 'd', 'd', 'e', 'a', 'e', 'c', 'a', 'b', 'c', 'd', 'a', 'c', 'd', 'b', 'd', 'e', 'b', 'b', 'b', 'd', 'd', 'b', 'c', 'e', 'e', 'c', 'a', 'a', 'b', 'd', 'd', 'd', 'd', 'b', 'c', 'b', 'a', 'b', 'b', 'e', 'd', 'c', 'a', 'd', 'd', 'c', 'd', 'a', 'd', 'e', 'a', 'b', 'e', 'c', 'a', 'a', 'd', 'b', 'e', 'b', 'd', 'a', 'c', 'a', 'e', 'e', 'a', 'a', 'b', 'b', 'b', 'e', 'd', 'c', 'c', 'd', 'a', 'd', 'a', 'd', 'b', 'c', 'e', 'e', 'c', 'a', 'd', 'c', 'c')",21600
26,5,3.14,NAN,21,5,8964,6.32,NAN,21,5,9019,0.46,"('e', 'a', 'a', 'c', 'a', 'c', 'c', 'e', 'b', 'd', 'c', 'e', 'c', 'a', 'b', 'e', 'e', 'a', 'b', 'e', 'b', 'b', 'b', 'a', 'd', 'e', 'd', 'b', 'd', 'b', 'a', 'c', 'c', 'c', 'e', 'c', 'c', 'e', 'e', 'd', 'e', 'e', 'a', 'a', 'c', 'b', 'd', 'e', 'a', 'b', 'd', 'a', 'c', 'b', 'e', 'c', 'b', 'e', 'e', 'a', 'a', 'e', 'b', 'b', 'b', 'b', 'd', 'd', 'c', 'e')",800
9,1,30.6,"('a', 'e', 'e', 'c', 'd', 'a', 'd', 'c', 'e', 'a', 'b')",45,22,42833,2.2,NAN,14,8,4751,9.19,"('a', 'c', 'b', 'b', 'd', 'b', 'c', 'e', 'a', 'c', 'c', 'e', 'd', 'b', 'd', 'a', 'c', 'a', 'a', 'c', 'c', 'a', 'c', 'c', 'a', 'd', 'b', 'c', 'b', 'e', 'd', 'a', 'd', 'c', 'e', 'a', 'b', 'c', 'a', 'e', 'a', 'c', 'e', 'b', 'e', 'c', 'c', 'a', 'a', 'a', 'c', 'c', 'd', 'e', 'a', 'e', 'e', 'e', 'd', 'b', 'e', 'a', 'a', 'd', 'd', 'b', 'b', 'd', 'c', 'a', 'e', 'a', 'e', 'd', 'd', 'a', 'a', 'b', 'c', 'b', 'e', 'a', 'a', 'b', 'e', 'a', 'e', 'c', 'e', 'd', 'c', 'e', 'd', 'b', 'c', 'd', 'c', 'd', 'd', 'd', 'b', 'a', 'c', 'd', 'd', 'e', 'd', 'a', 'c', 'b', 'a', 'd', 'd', 'd', 'b', 'd', 'e', 'c', 'a', 'e', 'e', 'a', 'a', 'b', 'c', 'b', 'e', 'b', 'c', 'b', 'c')",21400
9,2,1.67,NAN,14,8,4962,10.6,NAN,22,16,14087,33.6,"('d', 'b', 'c', 'b', 'c', 'b', 'e', 'e', 'e', 'b', 'b', 'e', 'd', 'd', 'c', 'a', 'e', 'e', 'd', 'a', 'b', 'a', 'e', 'a', 'd', 'a', 'e', 'c', 'c', 'c', 'e', 'a', 'a', 'c', 'c', 'd', 'd', 'e', 'b', 'c', 'e', 'a', 'b', 'd', 'd', 'e', 'e', 'd', 'a', 'b', 'e', 'c', 'a', 'c', 'c', 'b', 'c', 'c', 'a', 'c', 'a', 'c', 'e', 'e', 'a', 'c', 'c', 'b', 'a', 'b')",79200
9,3,1.68,NAN,14,8,5013,6.29,NAN,21,13,9847,24.7,"('c', 'a', 'c', 'd', 'e', 'c', 'd', 'b', 'e', 'd', 'a', 'a', 'a', 'd', 'd', 'a', 'c', 'b', 'e', 'd', 'd', 'b', 'd', 'e', 'b', 'e', 'a', 'b', 'e', 'b', 'c', 'a', 'e', 'a', 'd', 'a', 'b', 'b', 'a', 'b', 'c', 'c', 'd', 'e', 'b', 'c', 'a', 'b', 'a', 'a', 'e', 'd', 'c', 'e', 'b', 'b', 'e', 'c', 'a', 'b', 'd', 'e', 'd', 'b', 'c', 'b', 'a', 'c', 'c', 'c', 'c', 'd', 'd', 'c', 'd', 'a', 'd', 'd', 'd', 'd', 'e', 'a', 'e', 'd', 'e', 'a', 'c', 'e', 'e', 'b', 'e', 'd', 'b', 'd', 'b', 'd', 'c', 'd', 'b', 'b', 'a', 'b', 'e', 'e', 'c', 'e', 'c', 'e', 'd', 'd', 'c', 'd', 'c', 'c', 'd', 'e', 'e', 'a', 'e', 'b')",59200
9,4,1.59,NAN,14,8,5009,1.92,NAN,14,8,5353,6.27,"('d', 'a', 'b', 'e', 'd', 'c', 'd', 'd', 'd', 'a', 'd', 'c', 'd', 'd', 'd', 'a', 'c', 'c', 'e', 'e', 'e', 'c', 'c', 'c', 'd', 'e', 'd', 'b', 'b', 'b', 'a', 'c', 'e', 'd', 'd', 'd', 'd', 'c', 'e', 'e', 'e')",15000
9,5,1.74,NAN,14,8,5018,2.2,NAN,14,8,5201,1.58,"('e', 'a', 'a', 'c', 'b', 'b', 'a', 'a', 'e', 'b', 'd', 'd', 'd', 'd', 'd', 'd', 'e', 'e', 'e', 'b', 'c', 'a', 'a', 'c', 'b', 'd', 'e', 'd', 'a', 'a', 'a', 'b', 'a', 'b', 'e', 'c', 'c', 'c', 'a', 'a', 'b', 'd', 'b', 'd', 'c', 'd', 'a', 'c', 'b', 'e', 'a', 'b', 'd', 'd', 'c', 'e', 'd', 'd', 'a', 'e', 'e', 'b', 'a', 'd', 'b', 'a', 'c', 'c', 'd', 'd', 'a', 'e', 'a', 'd', 'a', 'd', 'b', 'a', 'b', 'e', 'c', 'a', 'c', 'a', 'a', 'c', 'e', 'd', 'c', 'd', 'd', 'e', 'c', 'd', 'a', 'd', 'b', 'b', 'e', 'a', 'c', 'a', 'a', 'c', 'c', 'e', 'b', 'a', 'c', 'a', 'a', 'd', 'b', 'e', 'e', 'e', 'b')",3600
2,1,3.67,NAN,17,1,8898,4.46,NAN,17,1,8443,3.79,"('e', 'c', 'b', 'e', 'e', 'a', 'd', 'a', 'c', 'c', 'e', 'a', 'a', 'b', 'd', 'b', 'c', 'e', 'd', 'b', 'c', 'b', 'e', 'b', 'b', 'a', 'e', 'b', 'b', 'c', 'd', 'a', 'c', 'a', 'e', 'c', 'e', 'e', 'b', 'b', 'd', 'c', 'c', 'e', 'd', 'c', 'd', 'b', 'c', 'd', 'd', 'e', 'e', 'a', 'c', 'd', 'a', 'c', 'a', 'd', 'b', 'b', 'e', 'c', 'a', 'a', 'b', 'd', 'd', 'd', 'e', 'b', 'c', 'e', 'e', 'c', 'd', 'd', 'd', 'c', 'b', 'c', 'a', 'e', 'b', 'a', 'd', 'e', 'a', 'c', 'c', 'a', 'd', 'b', 'a', 'a', 'a', 'd', 'a', 'b', 'b', 'c', 'c', 'b', 'b', 'a', 'a', 'd', 'a', 'b', 'e', 'c', 'e', 'a', 'c', 'e', 'c', 'd', 'b', 'e', 'a', 'd', 'd', 'a', 'b', 'e', 'b', 'b', 'e', 'e', 'b', 'c', 'a', 'c', 'e', 'e', 'e', 'a', 'd', 'e', 'b', 'e', 'd', 'a', 'e', 'c', 'a', 'd', 'e', 'a', 'a', 'c', 'e', 'd', 'c', 'c', 'e', 'e', 'c', 'a', 'c', 'd', 'a', 'e', 'd', 'b', 'd', 'e', 'a', 'd', 'a', 'a', 'd', 'd', 'e', 'c', 'd', 'b', 'b', 'a', 'a', 'e', 'a', 'd', 'e', 'e', 'e', 'c', 'a', 'c', 'a', 'd', 'a', 'c', 'a', 'b', 'b', 'e', 'a', 'c', 'd', 'e', 'a', 'e', 'b', 'e', 'e', 'd', 'd', 'd', 'c', 'c', 'd', 'e', 'c', 'b', 'e', 'd', 'b', 'e', 'b', 'b', 'a', 'a', 'e', 'b', 'e', 'c', 'd', 'd', 'b', 'd', 'b', 'd', 'c', 'a', 'c', 'd', 'a', 'a', 'd', 'd', 'e', 'd', 'e', 'd', 'a', 'a', 'a', 'd', 'e', 'b', 'c', 'a', 'e', 'e', 'a', 'e', 'c', 'd', 'd', 'b', 'c', 'c', 'a', 'e', 'b', 'c', 'd', 'c', 'a', 'a', 'b', 'a', 'b', 'e', 'b', 'a', 'd', 'b', 'e', 'a', 'e', 'd', 'd', 'e', 'e', 'b', 'e', 'e', 'a', 'c', 'b', 'a', 'd', 'c', 'b', 'e', 'e', 'b', 'e', 'd', 'd', 'a', 'e', 'a', 'a', 'e', 'c', 'a', 'c', 'e', 'c', 'b', 'd', 'e', 'e', 'b', 'a', 'a', 'e', 'c', 'd', 'b', 'e', 'c', 'a', 'e', 'c', 'a', 'a', 'c', 'a', 'a', 'e', 'c', 'c', 'c', 'b', 'd', 'c', 'c', 'b', 'a', 'a', 'b', 'b', 'b', 'b', 'e', 'd', 'd', 'c', 'b', 'b', 'd')",8600
2,2,2.6,NAN,17,1,8233,5.8,NAN,17,1,8542,21.0,"('d', 'b', 'd', 'c', 'd', 'c', 'c', 'b', 'd', 'c', 'a', 'd', 'e', 'e', 'b', 'd', 'a', 'a', 'c', 'b', 'e', 'a', 'd', 'e', 'a', 'a', 'e')",47600
2,3,2.75,NAN,17,1,8141,69.3,NAN,52,3,78852,0.682,"('b', 'd', 'a', 'e', 'b', 'e', 'd', 'a', 'd', 'e', 'a', 'd', 'c', 'd', 'd', 'd', 'b', 'c', 'c', 'e', 'd', 'b', 'e', 'a', 'c', 'a', 'd', 'd', 'e', 'b', 'b', 'b', 'e', 'a', 'a', 'd', 'b', 'd', 'c', 'c', 'e', 'b', 'c', 'a', 'c', 'e', 'c', 'b', 'e', 'c', 'e', 'd', 'a', 'b', 'a', 'e', 'b', 'd', 'e', 'c', 'a', 'b', 'a', 'a', 'b', 'c', 'd', 'e', 'd', 'e', 'a', 'b')",1800
2,4,23.9,"('c', 'b', 'a', 'e', 'e', 'a', 'c', 'b', 'd')",35,2,34007,1.81e+02,NAN,175,13,795430,3.55,"('a', 'c', 'b', 'b', 'a', 'd', 'd', 'b', 'b', 'c', 'b', 'd', 'c', 'c', 'a', 'e', 'e', 'a', 'b', 'b', 'b', 'c', 'b', 'e', 'd', 'd', 'd', 'a', 'd', 'a', 'd', 'b', 'c', 'c', 'e', 'e', 'd', 'a', 'd', 'a', 'a', 'a', 'a', 'e', 'e', 'b', 'c', 'c', 'b', 'e', 'd', 'e', 'e')",8600
2,5,9.5,"('a', 'c', 'c', 'b', 'a', 'e', 'e', 'a', 'c', 'c')",22,1,15412,4.28,NAN,17,1,9009,8.76,"('a', 'c', 'a', 'c', 'd', 'd', 'e', 'b', 'd', 'd', 'e', 'b', 'a', 'd', 'b', 'e', 'a', 'e', 'e', 'e', 'c', 'c', 'd', 'b', 'd', 'a', 'a', 'd', 'b', 'b', 'c', 'b', 'd', 'b', 'c', 'c', 'a', 'a', 'b', 'd', 'd', 'c', 'a', 'c', 'd', 'c', 'b', 'b', 'e', 'b', 'd', 'e', 'a', 'c', 'a', 'd', 'e', 'e', 'a', 'a', 'c', 'a', 'a', 'b', 'b', 'c', 'a', 'c', 'b', 'e', 'd', 'a', 'b', 'a', 'd', 'b', 'd', 'a', 'c', 'd', 'a', 'c', 'b', 'c', 'b', 'e', 'd', 'c', 'b', 'c', 'd', 'a', 'c', 'e', 'd', 'd', 'a', 'e', 'c', 'a', 'd', 'a', 'c', 'c', 'd', 'b', 'a', 'a', 'd', 'c', 'e', 'c', 'b', 'e', 'c', 'a', 'e', 'b', 'c', 'b', 'a', 'b', 'd', 'c', 'a', 'c', 'b', 'e', 'e', 'b', 'c', 'b', 'e', 'b', 'e', 'd', 'd', 'b', 'd', 'e', 'c', 'd', 'a', 'a', 'd', 'c', 'c', 'a', 'a', 'd', 'b', 'c', 'b')",22800
11,1,2.12,NAN,14,1,5972,2.37,NAN,14,1,5348,4.46,"('e', 'c', 'e', 'a', 'b', 'b', 'd', 'e', 'a', 'e', 'c', 'a', 'c', 'e', 'b', 'e', 'd', 'c', 'e', 'b', 'c', 'a', 'c', 'b', 'd', 'c', 'c', 'd', 'a', 'c', 'e', 'a', 'c', 'a', 'c', 'c', 'a', 'a', 'a', 'a', 'a', 'b', 'c', 'd', 'c', 'b', 'b', 'd', 'a', 'e', 'b', 'e', 'a', 'a', 'c')",12000
11,2,1.76,NAN,14,1,5595,1.75,NAN,14,1,5363,3.3,"('d', 'e', 'a', 'e', 'e', 'd', 'a', 'b', 'a', 'e', 'c')",9000
11,3,3.26,NAN,14,1,6448,47.5,NAN,45,3,52706,9.52,"('c', 'c', 'd', 'd', 'b', 'c', 'b', 'c', 'e', 'd', 'e', 'e', 'c', 'a', 'c', 'd', 'd', 'e', 'e', 'c', 'b', 'b', 'a', 'b', 'e', 'a', 'd', 'c', 'b', 'd', 'a', 'a', 'c', 'd', 'd', 'b', 'd', 'a', 'd', 'b', 'e', 'a', 'a', 'd', 'b', 'b', 'd', 'c', 'a', 'b', 'a', 'b', 'c', 'd', 'd', 'b', 'c', 'e', 'b', 'b', 'c', 'e', 'a', 'b', 'c', 'e', 'b', 'c', 'b', 'd', 'a', 'd', 'c', 'a', 'c', 'e', 'b', 'a', 'a', 'd', 'b', 'c', 'a', 'a', 'c', 'e', 'c', 'c', 'e', 'd', 'd', 'd', 'a', 'c', 'd', 'a', 'd', 'b', 'd', 'd', 'a', 'e', 'a', 'd', 'e', 'd', 'd', 'e', 'd', 'a', 'a', 'c', 'b', 'e', 'c', 'c', 'd', 'c', 'a', 'c', 'e', 'a', 'd', 'a', 'a', 'c', 'c', 'd', 'a', 'a', 'a', 'b', 'a', 'b', 'c')",25200
11,4,1.93,NAN,14,1,5845,2.32,NAN,14,1,4675,3.79,"('a', 'c', 'c', 'c', 'a', 'c', 'a', 'e', 'e', 'b', 'c', 'c', 'a', 'd', 'e', 'a', 'c', 'c', 'c', 'b', 'c', 'e', 'd', 'c', 'c', 'a', 'e', 'b', 'd', 'e', 'a', 'e', 'c', 'b', 'd', 'a', 'e', 'a', 'c', 'c', 'e', 'e', 'c', 'd', 'e', 'd', 'd', 'e', 'c', 'a', 'c', 'd', 'e', 'e', 'a', 'c', 'c', 'b', 'b', 'c', 'c', 'b', 'c', 'e', 'a', 'e', 'e', 'c', 'b', 'b', 'b', 'e', 'b', 'b', 'b', 'a', 'b', 'c', 'c', 'e', 'd', 'c', 'a', 'a', 'a', 'b', 'b', 'e', 'e', 'b', 'e', 'e', 'b', 'e', 'b', 'd', 'c', 'c', 'c', 'c', 'a', 'b', 'd', 'd', 'b', 'a', 'c', 'c', 'd', 'b', 'b', 'a', 'e', 'e', 'e', 'c', 'd', 'c', 'e', 'e', 'd', 'c', 'b', 'b', 'd', 'a', 'c', 'b', 'c', 'd', 'e', 'b', 'a', 'a', 'c', 'e', 'e', 'e', 'a', 'e', 'd', 'b', 'a', 'd', 'e', 'c', 'd', 'c', 'b', 'c', 'c', 'a', 'd', 'e', 'd', 'b', 'e', 'd', 'a', 'd', 'c', 'e', 'a', 'a', 'e', 'a', 'b', 'e', 'a', 'd', 'e', 'd', 'e', 'b', 'c', 'b', 'd', 'e', 'a', 'b', 'e', 'c', 'c', 'e', 'a', 'a', 'd', 'b', 'e', 'a', 'c', 'd', 'c', 'b', 'b', 'd', 'c', 'a', 'e', 'a', 'd', 'c', 'd', 'b', 'd', 'd', 'a', 'a', 'c', 'c', 'c', 'a', 'd', 'a', 'e', 'e', 'b', 'd', 'c', 'b', 'b', 'd', 'c', 'e', 'b', 'b', 'c', 'c', 'e', 'b', 'd', 'b', 'd', 'a', 'b', 'c', 'd', 'c', 'b', 'c', 'a', 'a', 'c', 'd', 'd', 'b', 'a', 'b', 'd', 'b', 'd', 'e', 'b', 'e', 'a', 'b', 'a', 'c', 'd', 'c', 'e', 'a', 'e', 'e', 'b', 'b', 'c', 'd', 'c', 'e', 'a', 'b', 'e', 'e', 'a', 'e', 'a', 'e', 'a', 'e', 'a', 'e', 'a', 'e', 'e', 'd', 'e', 'a', 'd', 'e', 'a', 'e', 'e', 'e', 'c', 'b', 'e')",10200
11,5,2.12,NAN,14,1,6086,20.9,"('d', 'c', 'd', 'e', 'c', 'b', 'd', 'c', 'b', 'b', 'a', 'a')",61,3,73424,21.1,"('a', 'b', 'e', 'd', 'd', 'd', 'b', 'a', 'e', 'c', 'b', 'a', 'a', 'e', 'e', 'c', 'e', 'd', 'd', 'e', 'b', 'e', 'd', 'd', 'b', 'e', 'e', 'e', 'd', 'e', 'a', 'a', 'b', 'e', 'b', 'b', 'a', 'e', 'a', 'a', 'e', 'd', 'd')",55200
3,1,1.02,NAN,9,3,3306,0.826,NAN,9,3,2724,37.9,NAN,120000
3,2,0.953,NAN,9,3,3320,1.19,NAN,9,3,3871,38.1,NAN,120000
3,3,1.33,NAN,9,3,3454,1.29,NAN,9,3,3569,38.2,NAN,120000
3,4,0.93,NAN,9,3,3282,1.3,NAN,9,3,3932,37.8,NAN,120000
3,5,0.934,NAN,9,3,3332,0.787,NAN,9,3,2703,37.9,NAN,120000
5,1,0.972,"('a', 'b', 'b', 'e', 'e', 'c', 'b', 'e')",13,1,3378,9.24e+02,"('c', 'a', 'b', 'e', 'c', 'b', 'e')",664,19,12327121,6.37,"('b', 'a', 'b', 'e', 'e', 'c', 'b', 'e')",14000
5,2,1.18,"('c', 'e', 'a', 'b', 'e')",18,2,4660,9.18e+02,NAN,681,21,13744790,0.0808,"('e', 'd', 'e', 'e', 'b', 'd', 'd', 'a', 'a', 'd', 'c', 'd', 'd', 'd', 'd', 'c', 'd', 'd', 'c', 'e', 'd', 'b', 'c', 'c', 'a', 'a', 'e', 'd', 'd', 'b', 'd', 'b', 'd', 'b', 'c', 'e', 'a', 'e', 'e', 'e', 'd', 'e', 'e', 'a', 'd', 'a', 'e', 'b', 'd', 'a', 'a', 'e', 'd', 'a', 'a', 'c', 'c', 'd', 'e', 'a', 'e', 'e', 'c', 'd', 'c', 'e', 'e', 'b', 'e', 'b', 'd', 'e', 'd', 'b', 'e', 'c', 'e', 'd', 'e', 'c', 'e', 'e', 'e', 'd', 'e', 'b', 'e', 'c', 'b', 'b', 'a', 'c', 'c', 'c', 'a', 'd', 'a', 'a', 'a', 'd', 'e', 'e', 'b', 'd', 'c', 'b', 'b', 'd', 'c', 'a', 'e', 'a', 'e', 'b', 'e', 'd', 'a', 'c', 'e', 'd', 'b', 'd', 'e', 'd', 'b', 'a', 'd', 'e', 'c', 'e', 'e')",200
5,3,9.26,"('b', 'd', 'c', 'd', 'b', 'e')",51,1,49267,9.85e+02,NAN,714,20,13859324,0.086,"('b', 'e', 'a', 'c', 'b', 'a', 'b', 'd', 'd', 'd', 'd', 'd', 'a', 'a', 'c', 'd', 'b', 'b', 'e', 'a', 'e', 'd', 'c', 'd', 'e', 'b', 'd', 'e', 'b', 'a', 'e', 'e', 'a', 'd', 'b', 'e', 'd', 'a', 'd', 'e', 'b', 'c', 'b', 'a', 'c', 'b', 'b', 'd', 'b', 'd', 'c', 'e', 'a', 'e', 'a', 'e', 'c', 'e', 'b', 'b', 'e', 'a', 'b', 'c', 'e', 'c', 'd', 'e', 'd', 'c', 'b', 'a', 'b', 'b', 'd', 'd', 'a', 'a', 'a', 'b', 'a', 'a', 'e', 'c', 'c', 'c', 'e', 'c', 'd', 'a', 'b', 'e', 'c', 'b', 'a', 'e', 'e', 'e', 'e', 'a', 'b', 'd', 'a', 'e', 'a', 'd', 'b', 'a', 'c', 'b', 'c', 'd', 'c', 'b', 'e', 'c', 'd', 'b', 'd', 'c', 'a', 'b', 'c', 'd', 'b', 'a', 'c', 'd', 'c', 'a', 'c', 'd', 'a', 'a', 'a', 'e', 'd', 'a', 'e', 'b', 'e', 'c', 'c', 'e', 'e', 'c', 'e', 'b', 'c', 'a', 'c', 'c', 'c', 'b', 'b', 'e', 'd', 'e', 'a', 'c', 'a', 'b', 'b', 'c', 'e', 'b', 'c', 'b', 'e', 'b', 'c', 'a', 'a', 'e', 'd', 'a', 'a', 'e', 'a', 'b', 'a', 'b', 'd', 'c', 'd', 'e', 'd', 'e', 'e', 'b', 'e', 'a', 'a', 'a', 'c', 'e', 'c', 'c', 'c', 'a', 'e', 'b', 'e', 'b', 'd', 'c', 'e', 'd', 'a', 'a', 'd', 'b', 'b', 'c', 'a', 'a', 'a', 'a', 'd', 'a', 'b', 'a', 'd', 'd', 'c', 'c', 'e', 'e', 'c')",200
5,4,0.87,"('d', 'e', 'c', 'b', 'e')",16,2,3774,9.02e+02,NAN,707,21,14039517,0.0861,"('d', 'c', 'b', 'c', 'c', 'b', 'd', 'c', 'c', 'a', 'd', 'a', 'e', 'c', 'e', 'a', 'c', 'b', 'e', 'c', 'a', 'e', 'd', 'e', 'a', 'd', 'c', 'c', 'd', 'a', 'c', 'a', 'd', 'd', 'e', 'a', 'b', 'a', 'e', 'e', 'e', 'a', 'd', 'b', 'c', 'a', 'e', 'a', 'e', 'c', 'd', 'a', 'a', 'b', 'a', 'd', 'c', 'd', 'b', 'c', 'a', 'b', 'd', 'a', 'b', 'e', 'b', 'c', 'a', 'a', 'd', 'a', 'b', 'b', 'd', 'b', 'b', 'a', 'c', 'd', 'd', 'b', 'b', 'd', 'e', 'e', 'b', 'b', 'c', 'b', 'c', 'c', 'a', 'a', 'e', 'c', 'd', 'e', 'b', 'a', 'b', 'd', 'c', 'a', 'd', 'e', 'e', 'd', 'a', 'b', 'a', 'a', 'e', 'e', 'd', 'd', 'e', 'e', 'b', 'e', 'c', 'a', 'd', 'e', 'b', 'a', 'd', 'a', 'c', 'e', 'c', 'd', 'c', 'e', 'b', 'c', 'b', 'e', 'a', 'e', 'e', 'a', 'e', 'd', 'b', 'e', 'e', 'd', 'a', 'b', 'd', 'c', 'e', 'b', 'd', 'a', 'd', 'a', 'e', 'b', 'd', 'b', 'a', 'e', 'b', 'e', 'e', 'a', 'b', 'd', 'b', 'd', 'e', 'd', 'c', 'd', 'a', 'e', 'e')",200
5,5,0.712,"('c', 'e', 'a', 'b', 'e')",14,1,3010,9.38e+02,NAN,695,11,13528597,0.174,"('e', 'd', 'a', 'e', 'e', 'b', 'd', 'b', 'a', 'b', 'a', 'd', 'e', 'e', 'b', 'a', 'b', 'b', 'e', 'b', 'b', 'c', 'd', 'e', 'd', 'b', 'b', 'e', 'a', 'b', 'a', 'b', 'b', 'c', 'b', 'd', 'b', 'e', 'a', 'd', 'e', 'c', 'b', 'c', 'e', 'd', 'c', 'b', 'd', 'b', 'd', 'a', 'c', 'd', 'e', 'b', 'e', 'd', 'd', 'd', 'd', 'c', 'c', 'd', 'a', 'b', 'a', 'd', 'e', 'd', 'a', 'd', 'c', 'e', 'a', 'c', 'e', 'e', 'd', 'a', 'd', 'b', 'b', 'd', 'e', 'b', 'a', 'b', 'd', 'b', 'a', 'c', 'e', 'a', 'b', 'e', 'c')",400
14,1,16.9,"('b', 'b', 'e', 'a', 'a', 'c', 'a', 'e', 'd', 'd')",42,4,37856,1.6,NAN,12,2,4804,2.76,"('e', 'c', 'a', 'c', 'b', 'c', 'a', 'b', 'e', 'a', 'b', 'a', 'e', 'a', 'd', 'a', 'e', 'c', 'e', 'a', 'd', 'e', 'c', 'd', 'd', 'c', 'a', 'd', 'c', 'b', 'b', 'b', 'd', 'c', 'e', 'a', 'd', 'b', 'd', 'e', 'a', 'b', 'b', 'd', 'e', 'a', 'e', 'b', 'c', 'd', 'b', 'a', 'd', 'd', 'd', 'b', 'd', 'b', 'e', 'b', 'c', 'd', 'c', 'e', 'c', 'c', 'd', 'a', 'd', 'c', 'c', 'b', 'a', 'b', 'a', 'a', 'c', 'c', 'd', 'e', 'e', 'c', 'e', 'd', 'a', 'b', 'd', 'c', 'c', 'a', 'e', 'c', 'c', 'd', 'e', 'e', 'd', 'a', 'c', 'c', 'a', 'c', 'e', 'd', 'd', 'c', 'e', 'b', 'a', 'e', 'e', 'd', 'c', 'b', 'b', 'e', 'a', 'd', 'e', 'c', 'd', 'e', 'b', 'e', 'e', 'e', 'd', 'd')",6600
14,2,1.62,NAN,12,2,4647,1.63,NAN,12,2,4383,39.0,"('d', 'b', 'c', 'd', 'd', 'd', 'a', 'e', 'b', 'a', 'c', 'd', 'a', 'a', 'b', 'a', 'b', 'd', 'a', 'a', 'c', 'e', 'e', 'b', 'e', 'c', 'b', 'c', 'd', 'b', 'b', 'd', 'c', 'a', 'a', 'c', 'e', 'a', 'e', 'c', 'a', 'd', 'b', 'd', 'b', 'e', 'e', 'a', 'e', 'c', 'c', 'c', 'b', 'c', 'b', 'b', 'd', 'c', 'a', 'c', 'e', 'c', 'c', 'a', 'd', 'e', 'a', 'c', 'c', 'b', 'c', 'e', 'b', 'd', 'c', 'a', 'a', 'd', 'e', 'b', 'a', 'c', 'e', 'a', 'c', 'c', 'b', 'd', 'e', 'c', 'a', 'd', 'e', 'd', 'b', 'b', 'e', 'a', 'a', 'd', 'b', 'a', 'e', 'c', 'b', 'c', 'd', 'a', 'd', 'b', 'c', 'c', 'c', 'b', 'c', 'b', 'a', 'd', 'e', 'd', 'b', 'a', 'e', 'e', 'd', 'd', 'b', 'b', 'a', 'b', 'd', 'a', 'd', 'c', 'd')",91600
14,3,1.64,NAN,12,2,4569,6.24,NAN,18,4,8739,50.8,NAN,120000
14,4,1.63,NAN,12,2,4493,2.06,NAN,12,2,4188,26.1,"('a', 'a', 'b', 'c', 'c', 'c', 'd', 'b', 'd', 'a', 'e', 'e', 'a', 'c', 'b', 'c', 'd', 'd', 'd', 'd', 'a', 'b', 'a', 'd', 'b', 'b', 'd', 'b', 'c', 'e', 'b', 'c', 'd', 'e', 'c', 'd', 'e', 'b', 'e', 'b', 'd', 'c', 'd', 'c', 'b', 'e', 'e', 'a', 'a', 'e', 'b', 'c', 'd', 'd', 'd', 'a', 'd', 'c', 'e', 'b', 'b', 'a', 'e', 'a', 'd', 'b', 'c', 'a', 'a', 'd', 'c', 'a', 'e', 'd', 'd', 'c', 'b', 'b', 'b', 'b', 'a', 'e', 'b', 'a', 'b', 'd', 'e', 'b', 'd', 'c', 'b', 'd', 'a', 'a', 'a', 'e', 'e', 'e', 'b', 'a', 'c', 'c', 'c', 'd', 'd', 'e', 'a', 'c', 'c', 'd', 'd', 'b', 'e', 'd', 'a', 'c', 'e', 'e', 'd', 'd', 'a', 'c', 'b', 'b', 'e', 'e', 'b', 'c', 'c', 'c', 'd', 'd', 'd', 'e', 'd', 'a', 'd', 'b', 'e', 'b', 'd', 'e', 'a', 'e', 'd', 'b', 'a', 'c', 'a', 'd', 'c', 'e', 'e', 'c', 'e', 'a', 'c', 'c', 'e', 'e', 'd', 'c', 'e', 'b', 'c', 'e', 'a', 'a', 'a', 'a', 'e', 'b', 'c', 'e', 'e', 'e', 'a', 'd', 'c', 'b', 'c', 'a', 'd', 'e', 'a', 'e', 'c', 'd', 'd', 'b', 'b', 'd', 'c', 'c', 'c', 'c', 'b', 'c', 'c')",61600
14,5,1.69,NAN,12,2,4668,1.62,NAN,12,2,4177,1.86,"('b', 'a', 'c', 'e', 'b', 'a', 'b', 'd', 'a', 'e', 'd', 'b', 'c', 'c', 'b', 'c', 'd', 'a', 'd', 'a', 'd', 'd', 'a', 'a', 'a', 'b', 'a', 'd', 'b', 'c', 'e', 'b', 'd', 'c', 'b', 'e', 'c', 'b', 'a', 'd', 'a', 'c', 'b', 'c', 'b', 'd', 'b', 'e', 'a', 'c', 'c', 'd', 'd', 'a', 'c', 'c', 'a', 'a', 'e', 'c', 'd', 'b', 'a', 'e', 'c', 'c', 'e', 'b', 'c', 'a', 'e', 'a', 'd', 'e', 'c', 'c', 'd', 'd', 'a', 'e', 'b', 'e', 'e', 'e', 'a', 'b', 'd', 'e', 'd', 'c', 'b', 'e', 'd', 'b', 'b', 'c', 'b', 'e', 'c', 'b', 'c', 'b', 'a', 'e', 'c', 'c')",4400
21,1,5.83,"('c', 'd', 'd', 'e', 'd', 'b', 'e', 'c', 'b', 'c', 'c', 'e')",31,15,13968,2.95,NAN,17,9,5534,0.471,"('d', 'e', 'b', 'c', 'b', 'd', 'd', 'b', 'd', 'b', 'a', 'e', 'c', 'c', 'c', 'a', 'd', 'd', 'd', 'b', 'b', 'd', 'd', 'c', 'e', 'a', 'd', 'b', 'e', 'a', 'a', 'b', 'a', 'a', 'e', 'e', 'b', 'a', 'c', 'a', 'b', 'd', 'e', 'c', 'b', 'e', 'a', 'a', 'd', 'c', 'a', 'e', 'a', 'e', 'e', 'e', 'b', 'c', 'c', 'd', 'c', 'd', 'b', 'b', 'b', 'a', 'd', 'e', 'd', 'e', 'd', 'b')",1000
21,2,2.26,NAN,17,9,6635,2.74e+02,NAN,118,54,325102,12.3,"('e', 'c', 'a', 'd', 'a', 'b', 'd', 'b', 'c', 'd', 'c', 'd', 'b', 'd', 'd', 'a', 'd', 'c', 'a', 'c', 'b', 'a', 'c', 'b', 'd', 'd', 'd', 'e', 'c', 'e', 'b', 'd', 'a', 'e', 'b', 'd', 'e', 'e', 'b', 'd', 'c', 'e', 'b', 'd', 'b', 'd', 'c', 'b', 'e', 'e', 'a', 'd', 'a', 'a', 'e', 'b', 'e', 'd', 'e', 'a', 'b', 'd', 'b', 'c', 'b', 'c', 'b', 'b', 'e', 'd', 'd', 'e', 'e', 'b', 'c', 'c', 'd', 'a', 'a', 'a')",28200
21,3,2.15,NAN,17,9,6650,16.3,NAN,17,9,7850,39.5,"('d', 'e', 'e', 'c', 'e', 'd', 'c', 'c', 'c', 'c', 'c', 'a', 'b', 'b', 'c', 'c', 'a', 'c', 'c', 'c', 'd', 'b', 'e', 'd', 'd', 'a', 'a', 'd', 'e', 'd', 'd', 'a', 'b', 'e', 'e', 'b', 'a', 'e', 'd', 'c', 'd', 'e', 'd', 'b', 'd', 'd', 'b', 'd', 'e', 'e', 'd', 'a', 'b', 'b', 'd', 'd', 'a', 'd', 'e', 'e', 'b', 'e', 'c', 'c', 'b', 'd', 'c', 'd', 'c', 'd', 'b', 'a', 'a', 'c', 'b', 'c', 'a', 'd', 'd', 'e', 'c', 'c', 'e', 'e', 'a', 'c')",87200
21,4,2.23,NAN,17,9,6652,3.15,NAN,17,9,6657,1.29,"('a', 'e', 'c', 'a', 'a', 'a', 'e', 'b', 'c', 'b', 'b', 'd', 'a', 'd', 'b', 'd', 'a', 'a', 'e', 'b', 'b', 'e', 'b', 'c', 'a', 'a', 'e', 'b', 'c', 'e', 'd', 'd', 'b', 'b', 'c', 'c', 'c', 'a', 'c', 'c', 'd', 'e', 'd', 'b', 'e', 'a', 'e', 'e', 'e', 'd', 'e', 'b', 'e', 'c', 'b', 'c', 'e', 'e', 'c', 'c', 'b', 'a', 'c', 'b', 'd', 'c', 'e', 'a', 'e', 'd', 'a', 'e', 'c', 'e', 'b', 'e', 'b', 'd', 'c', 'a', 'e', 'e', 'c', 'c', 'e', 'd', 'b', 'e', 'b', 'b', 'd')",2800
21,5,15.1,"('a', 'e', 'd', 'a', 'a', 'e', 'c', 'c', 'd', 'a', 'a', 'a', 'e')",28,13,15612,3.11,NAN,17,9,5917,5.29,"('d', 'c', 'a', 'b', 'c', 'e', 'e', 'e', 'e', 'd', 'a', 'a', 'a', 'b', 'e', 'b', 'a', 'a', 'b', 'a', 'b', 'd', 'd', 'a', 'c', 'd', 'e', 'c', 'b', 'c', 'c', 'd', 'c', 'c', 'e', 'c', 'e', 'd', 'b', 'a', 'a', 'a', 'a', 'c', 'e', 'c', 'e', 'd', 'c', 'e', 'a', 'a', 'd', 'd', 'a', 'a', 'e', 'e', 'e', 'e', 'a', 'e', 'c', 'b', 'a', 'b', 'b', 'c', 'd', 'b', 'e', 'c', 'd', 'd', 'c', 'c', 'b', 'a', 'a', 'b', 'd', 'a', 'b', 'e', 'c', 'c', 'd', 'c', 'e', 'd', 'e', 'b', 'd', 'a', 'c', 'e', 'a', 'a', 'e', 'e', 'c', 'e', 'd', 'b', 'b', 'c', 'a', 'e', 'a', 'e', 'a', 'e', 'c', 'b', 'a', 'e', 'd', 'c', 'a', 'b', 'b', 'b', 'e', 'c', 'a', 'd', 'd', 'b', 'e', 'a', 'e', 'b', 'c', 'a', 'b', 'c', 'd', 'e', 'd', 'a', 'd', 'e', 'e', 'd', 'c', 'a', 'e', 'e', 'd', 'c', 'd', 'c', 'd', 'c', 'a', 'c', 'a', 'c', 'd', 'a', 'b', 'd', 'a', 'b', 'b', 'a', 'e', 'd', 'c', 'e', 'b', 'a', 'b', 'a', 'c', 'b', 'd', 'e', 'b', 'e', 'b', 'a', 'a', 'a', 'a', 'b', 'a', 'e', 'd', 'a', 'd', 'c', 'b', 'c', 'b', 'c')",11400
19,1,8.57,"('a', 'b', 'e', 'b', 'c', 'd', 'b', 'e', 'd')",26,17,10235,1.02e+02,NAN,38,22,35627,3.95,"('e', 'd', 'c', 'c', 'd', 'b', 'c', 'a', 'b', 'b', 'a', 'a', 'b', 'a', 'b', 'b', 'c', 'a', 'a', 'a', 'c', 'd', 'e', 'c', 'a', 'b', 'b', 'c', 'd', 'd', 'd', 'c', 'a', 'e', 'c', 'a', 'b', 'a', 'd', 'e', 'a', 'e', 'c', 'b', 'c', 'e', 'b', 'a', 'd', 'b', 'c', 'e', 'b', 'a', 'e', 'a', 'd', 'b', 'b', 'b', 'e', 'a', 'b', 'c', 'd', 'c', 'e', 'b', 'c', 'b', 'c', 'e', 'c', 'e', 'c', 'b', 'a', 'b', 'a', 'd', 'b', 'e', 'e', 'b', 'b', 'e', 'b', 'b', 'a', 'b', 'b', 'b', 'e', 'c', 'b', 'b', 'a', 'b', 'c', 'b', 'c', 'd', 'c', 'b', 'd', 'a', 'c', 'd', 'c', 'b', 'b', 'b', 'c', 'd', 'a', 'c', 'c', 'e', 'a', 'e', 'b', 'b', 'b', 'd', 'b', 'c', 'e', 'c', 'e', 'a', 'a', 'c', 'c', 'd', 'a', 'd', 'b', 'c', 'e', 'b', 'd', 'a', 'b', 'a', 'a', 'c', 'd', 'd', 'd', 'b', 'e', 'b', 'b', 'c', 'b', 'b', 'd', 'a', 'a', 'e', 'c', 'b', 'd', 'd', 'b', 'b', 'e', 'd', 'e', 'b', 'd', 'b', 'c', 'd', 'c', 'e', 'a', 'e', 'e', 'c', 'b', 'b', 'b', 'a', 'c', 'a', 'a', 'a', 'b', 'e', 'b', 'a', 'b', 'c', 'e', 'a', 'b', 'b', 'a', 'b', 'a', 'c', 'e', 'd')",6800
19,2,11.8,"('a', 'b', 'e', 'b', 'c', 'd', 'b', 'a', 'b', 'e')",26,17,9807,5.33,NAN,21,13,9293,4.29,"('a', 'a', 'd', 'c', 'a', 'b', 'a', 'b', 'd', 'e', 'c', 'c', 'a', 'b', 'd', 'c', 'c', 'e', 'd', 'c', 'c', 'c', 'd', 'b', 'c', 'a', 'e', 'a', 'c', 'e', 'b', 'e', 'd', 'a', 'e', 'b', 'b', 'b', 'e', 'c', 'd', 'a', 'e', 'c', 'b', 'c', 'a', 'c', 'd', 'b', 'c', 'e', 'e', 'a', 'a', 'b', 'b', 'b', 'c', 'c', 'b', 'e')",7400
19,3,3.17,NAN,21,13,8543,1.09e+02,NAN,51,29,56425,6.5,"('c', 'b', 'c', 'd', 'c', 'd', 'a', 'a', 'a', 'b', 'e', 'd', 'a', 'd', 'c', 'a', 'e', 'e', 'a', 'a', 'b', 'b', 'd', 'd', 'e', 'c', 'e', 'b', 'a', 'b', 'd', 'e', 'd', 'e', 'e', 'b', 'c', 'a', 'a', 'e', 'd', 'd', 'c', 'b', 'b', 'a', 'd', 'a', 'b', 'a', 'a', 'b', 'a', 'b', 'a', 'c', 'a', 'a', 'd', 'e', 'b', 'd', 'b', 'd', 'e', 'a', 'b', 'e', 'a', 'c', 'e', 'a', 'b', 'c', 'a', 'c', 'e', 'b', 'b', 'b', 'a', 'e', 'a', 'c', 'd', 'd', 'd', 'd', 'e', 'b', 'c', 'a', 'e', 'c', 'b', 'b', 'c', 'a', 'e', 'e', 'e', 'c', 'd', 'd', 'a', 'd', 'a', 'e', 'e', 'd', 'd', 'c', 'b', 'b', 'e', 'a', 'b', 'a', 'b', 'b', 'e', 'e', 'e', 'e', 'b', 'd', 'c', 'd', 'd', 'e', 'a', 'c', 'a', 'e', 'd', 'a', 'c', 'a', 'a', 'b', 'a', 'e', 'd', 'c', 'e', 'd', 'e', 'c', 'b', 'b', 'b', 'a', 'a', 'd', 'd', 'a', 'e')",11000
19,4,5.3,"('a', 'e', 'a', 'c', 'a', 'e', 'a', 'a', 'd', 'b', 'a', 'b', 'b', 'b')",31,17,15253,4.52,NAN,21,13,8155,6.93,"('b', 'a', 'e', 'd', 'a', 'a', 'e', 'd', 'c', 'c', 'e', 'a', 'd', 'd', 'd', 'd', 'a', 'a', 'e', 'a', 'b', 'c', 'c', 'e', 'a', 'e', 'b', 'a', 'd', 'd', 'c', 'a', 'd', 'e', 'd', 'b', 'b', 'c', 'b', 'b', 'e', 'e', 'd', 'b', 'd', 'd', 'a', 'c', 'b', 'a', 'a', 'c', 'c', 'd', 'b', 'd', 'a', 'd', 'c', 'e', 'e', 'a', 'c', 'd', 'a', 'b', 'c', 'c', 'c', 'a', 'd', 'd', 'e', 'e', 'e', 'd', 'd', 'd', 'c', 'd', 'c', 'e', 'd', 'b', 'e', 'c', 'c', 'b')",12200
19,5,3.15,NAN,21,13,8496,43.2,NAN,43,28,37484,1.51,"('b', 'd', 'a', 'a', 'a', 'c', 'b', 'a', 'c', 'a', 'a', 'a', 'a', 'a', 'c', 'e', 'e', 'c', 'a', 'b', 'e', 'a', 'b', 'a', 'a', 'a', 'c', 'c', 'b', 'a', 'c', 'a', 'c', 'c', 'c', 'e', 'c', 'b', 'c', 'b', 'c', 'd', 'b', 'a', 'b', 'e', 'a', 'e', 'b', 'b', 'e', 'd', 'a', 'e', 'd', 'b', 'd', 'e', 'e', 'a', 'd', 'c', 'a', 'e', 'e', 'd', 'a', 'e', 'e', 'c', 'c', 'd', 'a', 'd', 'e', 'a', 'b', 'b', 'e', 'b', 'c', 'c', 'a', 'b', 'a', 'e', 'e', 'd', 'e', 'c', 'b', 'e', 'a', 'b', 'c', 'e', 'b', 'a', 'e', 'b', 'a', 'd', 'b', 'a', 'd', 'b', 'e', 'd', 'c', 'e', 'd', 'c', 'c', 'c', 'b', 'a', 'd', 'd', 'a', 'b', 'b', 'a', 'c', 'd', 'b', 'e', 'a', 'e', 'b', 'd', 'c', 'b', 'e', 'b', 'a', 'c', 'e', 'a', 'a', 'e', 'd', 'd', 'd', 'e', 'd', 'e', 'd', 'c', 'e', 'a', 'b', 'b', 'c', 'c', 'e', 'e', 'd', 'b', 'd', 'b', 'c', 'e', 'c', 'b', 'b', 'd', 'd', 'd', 'e', 'a', 'e', 'b', 'a', 'c', 'a', 'd', 'c', 'd', 'a', 'c', 'c', 'c', 'c', 'd', 'd', 'e', 'a', 'b', 'd', 'd', 'c', 'a', 'b', 'a', 'b', 'c', 'e', 'd', 'a', 'd', 'd', 'a', 'c', 'c', 'd', 'd', 'c', 'e', 'd', 'e', 'b', 'c', 'a', 'c', 'b', 'd', 'd', 'b', 'd', 'd', 'd', 'b', 'd', 'b', 'b', 'd', 'e', 'b', 'a', 'e', 'b', 'd', 'e', 'a', 'a', 'e', 'b', 'b', 'a', 'b', 'c', 'd', 'b', 'e', 'b', 'd', 'a', 'd', 'e', 'c', 'c', 'c', 'c', 'b', 'e', 'a', 'e', 'a', 'e', 'c', 'c', 'b', 'a', 'c', 'b', 'c', 'b', 'd', 'c', 'c', 'b', 'd', 'd', 'e', 'a', 'b', 'b', 'b', 'a', 'b', 'a', 'c', 'c', 'd', 'b', 'e', 'b', 'b', 'a', 'b', 'c', 'e', 'd', 'c', 'b')",2600
29,1,3.18,"('a', 'a', 'c', 'a', 'b', 'd', 'a', 'c', 'b', 'e')",24,8,10017,7.58,NAN,19,5,9226,10.9,"('d', 'e', 'e', 'a', 'a', 'c', 'c', 'a', 'd', 'e', 'e', 'a', 'c', 'c', 'b', 'd', 'a', 'c', 'b', 'd', 'b', 'b', 'd', 'c', 'e', 'd', 'e', 'b', 'e', 'c', 'a', 'a', 'e', 'a', 'd', 'e', 'c', 'd', 'd', 'a', 'b', 'd', 'a', 'e', 'b', 'e', 'c', 'c', 'a', 'c', 'e', 'd', 'e', 'b', 'd', 'a', 'c', 'c', 'c', 'e', 'b', 'c', 'd', 'a', 'd', 'c', 'b', 'b', 'a', 'a', 'c', 'a', 'e', 'a', 'e', 'c', 'b', 'a', 'e', 'a', 'e', 'e', 'd', 'a', 'e', 'e', 'a', 'c', 'a', 'b', 'b', 'a', 'a', 'a', 'c', 'a', 'b', 'b', 'a', 'c', 'a', 'd', 'a', 'a', 'c', 'a', 'c', 'a', 'c', 'c', 'e', 'a', 'a', 'c', 'd', 'b', 'e')",23400
29,2,2.42,NAN,19,5,7611,9.88,NAN,23,7,11691,8.48,"('d', 'e', 'd', 'e', 'a', 'b', 'e', 'c', 'd', 'd', 'a', 'a', 'b', 'b', 'c', 'b', 'a', 'b', 'b', 'a', 'c', 'c', 'd', 'b', 'd', 'b', 'e', 'b', 'b', 'd', 'c', 'd', 'd', 'c', 'd', 'a', 'd', 'a', 'e', 'c', 'a', 'c', 'a', 'b', 'd', 'c', 'c', 'c', 'a', 'b', 'd', 'a', 'c', 'b', 'b', 'b', 'c', 'b', 'c', 'e')",17800
29,3,2.46,NAN,19,5,7700,8.17,NAN,19,5,7936,15.1,"('e', 'd', 'c', 'b', 'a', 'b', 'd', 'b', 'd', 'b', 'd', 'b', 'a', 'a', 'b', 'b', 'a', 'c', 'b', 'a', 'b', 'c', 'c', 'b', 'e', 'd', 'c', 'd', 'b', 'e', 'b', 'a', 'c', 'b', 'b', 'b', 'c', 'a', 'a', 'b', 'd', 'a', 'c', 'a', 'a', 'e', 'c', 'c', 'd', 'b', 'd', 'e', 'a', 'c', 'a', 'a', 'd', 'a', 'c', 'c', 'b', 'c', 'd', 'a', 'c', 'd', 'd', 'd', 'e', 'b', 'c', 'b', 'a', 'a', 'b', 'e')",31000
29,4,2.37,NAN,19,5,7522,4.0,NAN,19,5,7985,4.61,"('c', 'e', 'a', 'a', 'c', 'e', 'd', 'e', 'e', 'e', 'a', 'a', 'd', 'd', 'c', 'e', 'b', 'd', 'b', 'b', 'c', 'b', 'd', 'b', 'b', 'a', 'd', 'c', 'b', 'a', 'd', 'b', 'b', 'e', 'e', 'b', 'a', 'd', 'd', 'e', 'b', 'd', 'c', 'd', 'a', 'e', 'c', 'd', 'e', 'a', 'a', 'b', 'd', 'a', 'd', 'a', 'e', 'c', 'b', 'c', 'c', 'e', 'a', 'c', 'a', 'a', 'a', 'a', 'b', 'd', 'c', 'c', 'a', 'b', 'b', 'e', 'd', 'd', 'd', 'c', 'd', 'b', 'c', 'e', 'c', 'c', 'e', 'a', 'e', 'a', 'd', 'b', 'a', 'a', 'a', 'a', 'b', 'b', 'd', 'a', 'd', 'd', 'a', 'b', 'c', 'a', 'b', 'b', 'b', 'c', 'd', 'a', 'b', 'a', 'e', 'a', 'a', 'a', 'c', 'b', 'e', 'b', 'c', 'c', 'a', 'c', 'c', 'c', 'a', 'e', 'a', 'b', 'd', 'd', 'e', 'b', 'd', 'e', 'e', 'c', 'c', 'a', 'c', 'a', 'c', 'e', 'c', 'a', 'd', 'a', 'd', 'd', 'd', 'c', 'e', 'c', 'b', 'e', 'c', 'a', 'e', 'd', 'd', 'c', 'b', 'a', 'a', 'b', 'd', 'd', 'e', 'c', 'e', 'a', 'd', 'd', 'a', 'e', 'e', 'e', 'b', 'a', 'c', 'a', 'a', 'd', 'e', 'a', 'b', 'a', 'b', 'e', 'e', 'd', 'c', 'a', 'c', 'b', 'd', 'a', 'a', 'b', 'b', 'd', 'c', 'e', 'd', 'c', 'c', 'c', 'e', 'c', 'c', 'd', 'd', 'd', 'b', 'c', 'd', 'c', 'd', 'e', 'a', 'e', 'a', 'c', 'b', 'b', 'c', 'd', 'b', 'c', 'c', 'b', 'e', 'a', 'd', 'c', 'e', 'e', 'e', 'a', 'b', 'e', 'e')",9800
29,5,2.39,NAN,19,5,7556,4.22,NAN,19,5,8436,5.17,"('a', 'c', 'c', 'e', 'b', 'd', 'a', 'd', 'b', 'b', 'e', 'd', 'e', 'b', 'c', 'b', 'a', 'e', 'e', 'a', 'b', 'a', 'e', 'b', 'b', 'a', 'c', 'c', 'b', 'a', 'e', 'd', 'a', 'e', 'e', 'b', 'd', 'd', 'b', 'a', 'e', 'e', 'a', 'e', 'c', 'e', 'a', 'e', 'b', 'a', 'e', 'a', 'a', 'e', 'b', 'd', 'd', 'c', 'e', 'e', 'b', 'e', 'a', 'a', 'e', 'c', 'c', 'c', 'a', 'a', 'a', 'a', 'a', 'a', 'b', 'd', 'a', 'c', 'b', 'b', 'd', 'c', 'a', 'd', 'e', 'e', 'c', 'd', 'd')",10800
25,1,1.0,NAN,8,3,2897,1.07,NAN,8,3,2973,42.8,NAN,120000
25,2,0.94,NAN,8,3,2892,1.26,NAN,8,3,3544,42.8,NAN,120000
25,3,0.939,NAN,8,3,2901,0.833,NAN,8,3,2182,43.0,NAN,120000
25,4,1.08,NAN,8,3,3006,1.24,NAN,8,3,3192,42.8,NAN,120000
25,5,0.976,NAN,8,3,2878,1.31,NAN,8,3,3592,42.9,NAN,120000
10,1,4.78,"('d', 'c', 'e', 'd', 'e', 'a', 'b', 'd', 'a', 'b', 'b')",31,5,14456,5.0,NAN,21,4,9732,5.13,"('a', 'b', 'c', 'a', 'd', 'd', 'd', 'b', 'e', 'a', 'e', 'b', 'a', 'c', 'b', 'c', 'e', 'd', 'e', 'd', 'b', 'e', 'c', 'a', 'b', 'd', 'c', 'b', 'e', 'b', 'c', 'a', 'e', 'c', 'e', 'b', 'b', 'e', 'c', 'd', 'd', 'c', 'e', 'e', 'e', 'a', 'c', 'd', 'a', 'c', 'c', 'e', 'a', 'b', 'a', 'd', 'd', 'c', 'c', 'c', 'c', 'a', 'a', 'b', 'b', 'b', 'e', 'e', 'c', 'e', 'a', 'e', 'b', 'a', 'e', 'e', 'd', 'c', 'c', 'd', 'a', 'e', 'd', 'b', 'e', 'a', 'a', 'b', 'd', 'e', 'c', 'b', 'e', 'b', 'a', 'e', 'c', 'b', 'd', 'a', 'e', 'b', 'b', 'e', 'b', 'a', 'b', 'e', 'c', 'd', 'a', 'd', 'e', 'c', 'd', 'e', 'a', 'd', 'a', 'a', 'b', 'c', 'c', 'e', 'a', 'b', 'd', 'c', 'd', 'b', 'a', 'a', 'c', 'd', 'b', 'd', 'b', 'a', 'c', 'c', 'a', 'b', 'e', 'a', 'e', 'a', 'b', 'c', 'a', 'e', 'd', 'b', 'b', 'c', 'c', 'd', 'b', 'e')",8800
10,2,68.5,"('d', 'a', 'a', 'c', 'c', 'b', 'b', 'b', 'e', 'd', 'e', 'b', 'e', 'a', 'b')",52,8,52943,5.32,NAN,21,4,9435,0.602,"('c', 'a', 'b', 'b', 'b', 'c', 'b', 'a', 'b', 'b', 'c', 'e', 'b', 'e', 'e', 'd', 'c', 'b', 'a', 'c', 'e', 'c', 'a', 'd', 'a', 'e', 'd', 'a', 'c', 'c', 'e', 'a', 'e', 'a', 'd', 'e', 'b', 'c', 'a', 'b', 'c', 'a', 'a', 'b', 'a', 'e', 'd', 'b', 'd', 'c', 'd', 'd', 'c', 'e', 'd', 'c', 'd', 'c', 'e', 'b', 'e', 'd', 'a', 'd', 'b', 'e', 'a', 'a', 'c', 'b', 'a', 'a', 'e', 'e', 'a', 'd', 'b', 'c', 'b', 'b', 'd', 'e', 'c', 'b', 'e', 'a', 'd', 'e', 'd', 'd', 'a', 'b', 'b', 'd', 'd', 'd', 'c', 'e', 'a', 'a', 'c', 'e', 'a', 'e', 'c', 'c', 'e', 'b', 'a', 'c', 'c', 'd', 'c', 'c', 'c', 'e', 'b', 'a', 'c', 'e', 'c', 'c', 'b', 'd', 'b', 'e', 'a', 'd', 'c', 'a', 'a', 'd', 'a', 'd', 'b', 'b', 'c', 'c', 'a', 'c', 'a', 'e', 'b', 'd', 'c', 'c', 'b', 'd', 'e', 'e', 'c', 'b', 'd', 'c', 'c', 'b', 'd', 'b')",1000
10,3,6.55,NAN,21,4,10548,43.1,NAN,52,8,52459,0.743,"('e', 'd', 'a', 'e', 'd', 'd', 'b', 'b', 'e', 'b', 'd', 'e', 'c', 'd', 'd', 'a', 'c', 'd', 'd', 'c', 'a', 'c', 'e', 'b', 'b', 'c', 'c', 'b', 'd', 'a', 'c', 'b', 'c', 'c', 'b', 'd', 'd', 'd', 'c', 'd', 'e', 'd', 'e', 'b', 'c', 'a', 'e', 'c', 'c', 'd', 'd', 'c', 'e', 'b', 'c', 'c', 'e', 'e', 'a', 'c', 'c', 'b', 'c', 'c', 'b', 'a', 'c', 'c', 'a', 'd', 'a', 'e', 'c', 'e', 'd', 'e', 'c', 'e', 'a', 'e', 'a', 'b', 'd', 'e', 'e', 'a', 'e', 'c', 'a', 'c', 'c', 'd', 'a', 'd', 'd', 'c', 'b', 'd', 'b', 'd', 'd', 'e', 'b', 'c', 'd', 'c', 'e', 'c', 'b', 'c', 'c', 'd', 'c', 'd', 'e', 'e', 'e', 'c', 'a', 'c', 'a', 'e', 'b', 'b', 'c', 'b', 'c', 'a', 'd', 'a', 'd', 'b', 'b', 'd', 'a', 'd')",1200
10,4,28.6,"('b', 'a', 'c', 'a', 'd', 'e', 'a', 'b', 'c', 'd', 'b', 'a')",29,7,16955,6.2,NAN,21,4,9456,24.0,"('e', 'a', 'e', 'd', 'e', 'e', 'd', 'a', 'a', 'd', 'b', 'a', 'b', 'c', 'c', 'e', 'a', 'a', 'c', 'a', 'b', 'a', 'c', 'a', 'd', 'a', 'd', 'e', 'c', 'e', 'd', 'd', 'd', 'b', 'c', 'b', 'e', 'c', 'a', 'b', 'a', 'c', 'b', 'a', 'b', 'b', 'c', 'a', 'd', 'a', 'e', 'a', 'b', 'e', 'd', 'b', 'a', 'a', 'e', 'd', 'd', 'e', 'a', 'b', 'd', 'a', 'a', 'e', 'c', 'a', 'b', 'a', 'c', 'd', 'b', 'a', 'c', 'c', 'd', 'a', 'b', 'a', 'c', 'c', 'e', 'd', 'a', 'b', 'e', 'b', 'b', 'c', 'b', 'b', 'c', 'e', 'd', 'd', 'b', 'a', 'c', 'c', 'e', 'e', 'a', 'c', 'd', 'b', 'a', 'e', 'c', 'e', 'd', 'e', 'a', 'c', 'd', 'b', 'c', 'c', 'e', 'c', 'd', 'a', 'c', 'c', 'e', 'e', 'b', 'a', 'd', 'c', 'e', 'a', 'd', 'e', 'd', 'a', 'd', 'b', 'a', 'd', 'c', 'c', 'b', 'd', 'd', 'b', 'a', 'c', 'a', 'd', 'c', 'd', 'e', 'a', 'a', 'd', 'e', 'b', 'c', 'b', 'd', 'c', 'c', 'e', 'a', 'c', 'e', 'e', 'e', 'a', 'd', 'd', 'e', 'd', 'e', 'b', 'a', 'e', 'c', 'b', 'e', 'c', 'b', 'd', 'a', 'e', 'a', 'e', 'd', 'c', 'a', 'e', 'e', 'e', 'c', 'a', 'b', 'e', 'c', 'd', 'a', 'a', 'b', 'c', 'b', 'e', 'e', 'c', 'c', 'e', 'b', 'b', 'a', 'b', 'b', 'd', 'e', 'c', 'b', 'd', 'c', 'c', 'a', 'd', 'a', 'c', 'd', 'e', 'a', 'd', 'd', 'e', 'b', 'b', 'e', 'e', 'a', 'a', 'c', 'b', 'd', 'e', 'a', 'c', 'c', 'b', 'a', 'd', 'd', 'c', 'd', 'a', 'a', 'b', 'e')",40800
10,5,3.7,NAN,21,4,9651,9.24,NAN,21,4,10765,31.9,"('d', 'c', 'd', 'b', 'c', 'd', 'c', 'a', 'd', 'a', 'b', 'a', 'c', 'd', 'e', 'b', 'b', 'd', 'a', 'd', 'b', 'a', 'd', 'd', 'c', 'b', 'e', 'd', 'e', 'e', 'e', 'b', 'b', 'b', 'd', 'e', 'a', 'c', 'e', 'e', 'c', 'c', 'c', 'e', 'd', 'b')",53800
8,1,5.4,"('c', 'a', 'd', 'b', 'd', 'a')",25,8,7821,9.28e+02,"('c', 'd', 'c', 'a', 'a')",582,196,8921010,5.5,"('c', 'd', 'a', 'e', 'b', 'a', 'c', 'd', 'a', 'c', 'c', 'b', 'd', 'a', 'e', 'e', 'b', 'b', 'b', 'e', 'e', 'e', 'd', 'c', 'b', 'e', 'e', 'd', 'd')",10000
8,2,1.94,"('c', 'd', 'a', 'a', 'a')",24,10,7411,9.4e+02,NAN,540,168,8342215,0.517,"('c', 'd', 'a', 'e', 'b', 'a', 'c', 'a', 'e', 'b', 'd', 'd', 'e', 'a', 'b', 'b', 'd', 'd', 'd', 'e', 'c', 'b', 'c', 'a', 'd')",800
8,3,1.71,"('c', 'a', 'd', 'd', 'a')",23,8,7481,9.27e+02,"('c', 'a', 'd', 'd', 'a')",517,178,6852402,0.737,"('d', 'c', 'e', 'e', 'e', 'd', 'e', 'a', 'c', 'b', 'd', 'a', 'c', 'c', 'e', 'b', 'e', 'e', 'd', 'a', 'c', 'c', 'c', 'e', 'e', 'e', 'b', 'a', 'e', 'e', 'b', 'd', 'e', 'e', 'b', 'd', 'e', 'e', 'c', 'b', 'b', 'd', 'e', 'c', 'b', 'b', 'b', 'd', 'd', 'b', 'c', 'a', 'e', 'b', 'b', 'e', 'b', 'a', 'a', 'a', 'a', 'e', 'a', 'a', 'a', 'e', 'e', 'c', 'c', 'c', 'b', 'd', 'b', 'a', 'a', 'e', 'c', 'd', 'e', 'e', 'a', 'b', 'e', 'a', 'c', 'b', 'c', 'd', 'd', 'b', 'e', 'd', 'b', 'a', 'd', 'd', 'b', 'a', 'c', 'a', 'c', 'c', 'b', 'd', 'd', 'c', 'b', 'e', 'e', 'b', 'c', 'e', 'c', 'a', 'a', 'd', 'a', 'e', 'b', 'c', 'd', 'c', 'b', 'a', 'e', 'b', 'd', 'c', 'e', 'e')",1400
8,4,1.48,"('c', 'd', 'a', 'a', 'a')",22,10,6755,9.18e+02,NAN,521,174,8057853,0.136,"('c', 'e', 'b', 'c', 'd', 'e', 'd', 'c', 'd', 'b', 'b', 'c', 'a', 'a', 'c', 'd', 'a', 'd', 'a', 'c')",200
8,5,2.49,"('c', 'a', 'd', 'd', 'a')",22,8,5596,9.36e+02,"('c', 'a', 'd', 'd', 'a')",534,179,7038984,0.0902,"('c', 'd', 'c', 'b', 'a', 'b', 'b', 'a')",200
17,1,4.93,NAN,21,6,9534,23.8,NAN,39,10,30358,9.87,"('d', 'd', 'c', 'c', 'd', 'e', 'b', 'a', 'd', 'd', 'e', 'd', 'd', 'b', 'd', 'b', 'c', 'e', 'b', 'c', 'a', 'b', 'd', 'b', 'c', 'c', 'e', 'e', 'a', 'b', 'e', 'b', 'd', 'e', 'd', 'a', 'c', 'd', 'd', 'e', 'b', 'e', 'b', 'c', 'd', 'e', 'e', 'd', 'e', 'e', 'c', 'a', 'b', 'a', 'e', 'a', 'd', 'e', 'b', 'a', 'b', 'd', 'b', 'd', 'c', 'b', 'a', 'e', 'b', 'd', 'c', 'c', 'd', 'b', 'd', 'd', 'd', 'a', 'c', 'a', 'd', 'e', 'e', 'e', 'b', 'b', 'c', 'c', 'e', 'e', 'e', 'a', 'b', 'e', 'c', 'd', 'd', 'a', 'a', 'b')",18000
17,2,3.39,NAN,21,6,9388,1.64e+02,NAN,83,19,158274,0.415,"('b', 'd', 'b', 'a', 'c', 'c', 'c', 'c', 'e', 'a', 'd', 'e', 'c', 'b', 'd', 'd', 'b', 'b', 'd', 'e', 'b', 'c', 'a', 'a', 'b', 'b', 'b', 'e', 'c', 'e', 'b', 'c', 'c', 'e', 'c', 'a', 'c', 'e', 'c', 'd', 'b', 'b', 'd', 'e', 'c', 'a', 'c', 'a', 'b', 'a', 'e', 'd', 'b', 'e', 'b', 'b', 'c', 'b', 'e', 'b', 'c', 'd', 'd', 'b', 'c', 'a', 'b', 'c', 'e', 'a', 'd', 'c', 'b', 'b', 'b', 'b', 'd', 'a', 'e', 'b', 'd', 'e', 'e', 'a', 'd', 'c', 'e', 'b', 'd', 'd', 'e', 'a', 'e', 'b', 'c', 'e', 'b', 'e', 'e', 'c', 'd', 'e', 'd', 'b', 'd', 'e', 'd', 'e', 'c', 'd', 'a', 'c', 'd', 'e', 'c', 'b', 'd', 'c', 'e', 'c', 'a', 'e', 'a', 'd', 'e', 'b', 'b', 'b', 'c', 'c', 'd', 'c', 'd', 'b', 'e')",800
17,3,55.2,"('d', 'a', 'e', 'c', 'b', 'd', 'b', 'c', 'c', 'a', 'a')",29,9,19098,38.5,"('b', 'b', 'b', 'b', 'd', 'b', 'c', 'b', 'a', 'b')",48,12,51661,16.4,"('d', 'a', 'e', 'c', 'c', 'c', 'e', 'c', 'd', 'c', 'c', 'b', 'e', 'c', 'a', 'b', 'e', 'a', 'd', 'a', 'e', 'c', 'd', 'e', 'd', 'd', 'e', 'c', 'd', 'd', 'b', 'd', 'e', 'b', 'c', 'd', 'c', 'c', 'e', 'c', 'c', 'c', 'b', 'e', 'd', 'd', 'd', 'b', 'a', 'a', 'a', 'c', 'a', 'e', 'b', 'e', 'a', 'e', 'd', 'b', 'c', 'b', 'b', 'c', 'e', 'a', 'c', 'a', 'a', 'e', 'a', 'e', 'd', 'c', 'b', 'd', 'd', 'c', 'b', 'c', 'e', 'c', 'c', 'b', 'd', 'd', 'b', 'd', 'e', 'c', 'b', 'b', 'b', 'd', 'd', 'b', 'c', 'c', 'b', 'd', 'e', 'e', 'c', 'd', 'b', 'a', 'b', 'b', 'c', 'e', 'e', 'c', 'e', 'a', 'd', 'a', 'b', 'd', 'e', 'c', 'c', 'd', 'b', 'b', 'd', 'b', 'c', 'e', 'b', 'e', 'd', 'c', 'd', 'c', 'a', 'd', 'b', 'd', 'c', 'b', 'a', 'a', 'c', 'a', 'a', 'c', 'c', 'a', 'a', 'd', 'e', 'b', 'c', 'c', 'd', 'a', 'd', 'b', 'd', 'e', 'e', 'c', 'e', 'd', 'b', 'e', 'a', 'd', 'a', 'd', 'c', 'd', 'e', 'e', 'c', 'b', 'a', 'd', 'd', 'e', 'e', 'e', 'a', 'a', 'e', 'd', 'e', 'e', 'c', 'd', 'd', 'd', 'b', 'c', 'b', 'c', 'a', 'e', 'a', 'd', 'e', 'b', 'd', 'a', 'b', 'e', 'e', 'b')",30600
17,4,3.22,NAN,21,6,9315,6.98,NAN,21,6,9326,0.106,"('a', 'c', 'd', 'd', 'b', 'b', 'b', 'a', 'a', 'b', 'e', 'c', 'a', 'c', 'a', 'c', 'c', 'e', 'b', 'b', 'e', 'b', 'a', 'c', 'c', 'b', 'e', 'c', 'a', 'e', 'd', 'a', 'd', 'c', 'b', 'b', 'b', 'b', 'e', 'e', 'b', 'b', 'b', 'b', 'd', 'c', 'b', 'e', 'e', 'd', 'b', 'd', 'a', 'e', 'a', 'b', 'd', 'c', 'e', 'b', 'c', 'e', 'e', 'e', 'c', 'c', 'c', 'c', 'b', 'b', 'd', 'd', 'b', 'a', 'e', 'd', 'a', 'd', 'd', 'e', 'b', 'd', 'c', 'b', 'c', 'd', 'c', 'a', 'a', 'e', 'a', 'd', 'e', 'e', 'a', 'e', 'e')",200
17,5,86.8,"('e', 'a', 'c', 'b', 'a', 'e', 'e', 'a', 'a', 'a')",42,11,37222,80.2,NAN,71,18,106121,8.08,"('b', 'd', 'a', 'c', 'e', 'a', 'd', 'a', 'a', 'd', 'e', 'e', 'd', 'c', 'a', 'd', 'e', 'e', 'c', 'c', 'd', 'a', 'd', 'a', 'c', 'c', 'c', 'b', 'e', 'b', 'a', 'b', 'd', 'c', 'e', 'd', 'a', 'd', 'c', 'c', 'c', 'a', 'e', 'e', 'd', 'e', 'd', 'e', 'e', 'e', 'b', 'a', 'a', 'e', 'd', 'e', 'e', 'd', 'c', 'c', 'b', 'e', 'b', 'd', 'd', 'd')",14800
15,1,1.64,NAN,16,12,5964,2.43,NAN,16,12,6796,48.0,NAN,120000
15,2,1.72,NAN,16,12,6089,2.17,NAN,16,12,5919,44.5,"('d', 'c', 'd', 'e', 'a', 'e', 'c', 'a', 'b', 'e', 'e', 'b', 'a', 'd', 'b', 'e', 'e', 'c', 'e', 'd', 'c', 'b', 'e', 'a', 'd', 'b', 'c', 'c', 'c', 'e', 'd', 'c', 'd', 'a', 'c', 'c')",110800
15,3,1.73,NAN,16,12,5995,4.09,NAN,24,19,11790,29.3,"('b', 'b', 'a', 'b', 'd', 'b', 'e', 'e', 'd', 'c', 'd', 'e', 'b', 'a', 'c', 'c', 'a')",72600
15,4,1.67,NAN,16,12,5990,3.06,NAN,16,12,5484,15.1,"('e', 'b', 'd', 'e', 'c', 'a', 'e', 'b', 'd', 'd', 'd', 'd', 'b', 'd', 'd', 'c', 'd', 'a', 'd', 'c', 'a', 'd', 'd', 'b', 'c', 'a', 'd', 'b', 'e', 'e', 'a', 'a', 'b', 'c', 'd', 'e', 'd', 'e', 'd', 'c', 'c', 'd')",38200
